GISJOIN,YEAR,STATE,STATEA,COUNTY,COUNTYA,AREANAME,ACC001
"G0100010","1840","Alabama","010","Autauga","0010","Autauga",14342
"G0100030","1840","Alabama","010","Baldwin","0030","Baldwin",2951
"G0100050","1840","Alabama","010","Barbour","0050","Barbour",12024
"G0100055","1840","Alabama","010","Benton","0055","Benton",14260
"G0100070","1840","Alabama","010","Bibb","0070","Bibb",8284
"G0100090","1840","Alabama","010","Blount","0090","Blount",5570
"G0100130","1840","Alabama","010","Butler","0130","Butler",8685
"G0100170","1840","Alabama","010","Chambers","0170","Chambers",17333
"G0100190","1840","Alabama","010","Cherokee","0190","Cherokee",8773
"G0100250","1840","Alabama","010","Clarke","0250","Clarke",8640
"G0100350","1840","Alabama","010","Conecuh","0350","Conecuh",8197
"G0100370","1840","Alabama","010","Coosa","0370","Coosa",6995
"G0100390","1840","Alabama","010","Covington","0390","Covington",2435
"G0100450","1840","Alabama","010","Dale","0450","Dale",7397
"G0100470","1840","Alabama","010","Dallas","0470","Dallas",25199
"G0100490","1840","Alabama","010","DeKalb","0490","Dekalb",5929
"G0100570","1840","Alabama","010","Fayette","0570","Fayette",6942
"G0100590","1840","Alabama","010","Franklin","0590","Franklin",14270
"G0100630","1840","Alabama","010","Greene","0630","Greene",24024
"G0100670","1840","Alabama","010","Henry","0670","Henry",5787
"G0100710","1840","Alabama","010","Jackson","0710","Jackson",15715
"G0100730","1840","Alabama","010","Jefferson","0730","Jefferson",7131
"G0100770","1840","Alabama","010","Lauderdale","0770","Lauderdale",14485
"G0100790","1840","Alabama","010","Lawrence","0790","Lawrence",13313
"G0100830","1840","Alabama","010","Limestone","0830","Limestone",14374
"G0100850","1840","Alabama","010","Lowndes","0850","Lowndes",19539
"G0100870","1840","Alabama","010","Macon","0870","Macon",11247
"G0100890","1840","Alabama","010","Madison","0890","Madison",25706
"G0100910","1840","Alabama","010","Marengo","0910","Marengo",17264
"G0100930","1840","Alabama","010","Marion","0930","Marion",5847
"G0100950","1840","Alabama","010","Marshall","0950","Marshall",7553
"G0100970","1840","Alabama","010","Mobile","0970","Mobile",18741
"G0100990","1840","Alabama","010","Monroe","0990","Monroe",10680
"G0101010","1840","Alabama","010","Montgomery","1010","Montgomery",24574
"G0101030","1840","Alabama","010","Morgan","1030","Morgan",9841
"G0101050","1840","Alabama","010","Perry","1050","Perry",19086
"G0101070","1840","Alabama","010","Pickens","1070","Pickens",17118
"G0101090","1840","Alabama","010","Pike","1090","Pike",10108
"G0101110","1840","Alabama","010","Randolph","1110","Randolph",4973
"G0101130","1840","Alabama","010","Russell","1130","Russell",13513
"G0101150","1840","Alabama","010","St Clair","1150","St Clair",5638
"G0101170","1840","Alabama","010","Shelby","1170","Shelby",6112
"G0101190","1840","Alabama","010","Sumter","1190","Sumter",29937
"G0101210","1840","Alabama","010","Talladega","1210","Talladega",12587
"G0101230","1840","Alabama","010","Tallapoosa","1230","Tallapoosa",6444
"G0101250","1840","Alabama","010","Tuscaloosa","1250","Tuscaloosa",16583
"G0101270","1840","Alabama","010","Walker","1270","Walker",4032
"G0101290","1840","Alabama","010","Washington","1290","Washington",5300
"G0101310","1840","Alabama","010","Wilcox","1310","Wilcox",15278
"G0500010","1840","Arkansas","050","Arkansas","0010","Arkansas",1346
"G0500070","1840","Arkansas","050","Benton","0070","Benton",2228
"G0500150","1840","Arkansas","050","Carroll","0150","Carroll",2844
"G0500170","1840","Arkansas","050","Chicot","0170","Chicot",3806
"G0500190","1840","Arkansas","050","Clark","0190","Clark",2309
"G0500290","1840","Arkansas","050","Conway","0290","Conway",2892
"G0500330","1840","Arkansas","050","Crawford","0330","Crawford",4266
"G0500350","1840","Arkansas","050","Crittenden","0350","Crittenden",1561
"G0500410","1840","Arkansas","050","Desha","0410","Desha",1598
"G0500470","1840","Arkansas","050","Franklin","0470","Franklin",2665
"G0500550","1840","Arkansas","050","Greene","0550","Greene",1586
"G0500570","1840","Arkansas","050","Hempstead","0570","Hempstead",4921
"G0500590","1840","Arkansas","050","Hot Spring","0590","Hot Spring",1907
"G0500630","1840","Arkansas","050","Independence","0630","Independence",3669
"G0500650","1840","Arkansas","050","Izard","0650","Izard",2240
"G0500670","1840","Arkansas","050","Jackson","0670","Jackson",1540
"G0500690","1840","Arkansas","050","Jefferson","0690","Jefferson",2566
"G0500710","1840","Arkansas","050","Johnson","0710","Johnson",3433
"G0500730","1840","Arkansas","050","Lafayette","0730","Lafayette",2200
"G0500750","1840","Arkansas","050","Lawrence","0750","Lawrence",2835
"G0500870","1840","Arkansas","050","Madison","0870","Madison",2775
"G0500890","1840","Arkansas","050","Marion","0890","Marion",1325
"G0500930","1840","Arkansas","050","Mississippi","0930","Mississippi",1410
"G0500950","1840","Arkansas","050","Monroe","0950","Monroe",936
"G0501070","1840","Arkansas","050","Phillips","1070","Phillips",3547
"G0501090","1840","Arkansas","050","Pike","1090","Pike",969
"G0501110","1840","Arkansas","050","Poinsett","1110","Poinsett",1320
"G0501150","1840","Arkansas","050","Pope","1150","Pope",2850
"G0501190","1840","Arkansas","050","Pulaski","1190","Pulaski",5350
"G0501210","1840","Arkansas","050","Randolph","1210","Randolph",2196
"G0501230","1840","Arkansas","050","St Francis","1230","St Francis",2499
"G0501250","1840","Arkansas","050","Saline","1250","Saline",2061
"G0501270","1840","Arkansas","050","Scott","1270","Scott",1694
"G0501290","1840","Arkansas","050","Searcy","1290","Searcy",936
"G0501330","1840","Arkansas","050","Sevier","1330","Sevier",2810
"G0501390","1840","Arkansas","050","Union","1390","Union",2889
"G0501410","1840","Arkansas","050","Van Buren","1410","Van Buren",1518
"G0501430","1840","Arkansas","050","Washington","1430","Washington",7148
"G0501450","1840","Arkansas","050","White","1450","White",929
"G0900010","1840","Connecticut","090","Fairfield","0010","Fairfield",49917
"G0900030","1840","Connecticut","090","Hartford","0030","Hartford",55629
"G0900050","1840","Connecticut","090","Litchfield","0050","Litchfield",40448
"G0900070","1840","Connecticut","090","Middlesex","0070","Middlesex",24879
"G0900090","1840","Connecticut","090","New Haven","0090","New Haven",48582
"G0900110","1840","Connecticut","090","New London","0110","New London",44463
"G0900130","1840","Connecticut","090","Tolland","0130","Tolland",17980
"G0900150","1840","Connecticut","090","Windham","0150","Windham",28080
"G1000010","1840","Delaware","100","Kent","0010","Kent",19872
"G1000030","1840","Delaware","100","New Castle","0030","New Castle",33120
"G1000050","1840","Delaware","100","Sussex","0050","Sussex",25093
"G1100005","1840","District Of Columbia","110","Alexandria","0005","Alexandria",9967
"G1100017","1840","District Of Columbia","110","Georgetown","0017","Georgetown",7312
"G1100075","1840","District Of Columbia","110","Rural Washington county","0075","Rural Washington county",3069
"G1100115","1840","District Of Columbia","110","Washington City","0115","Washington City",23364
"G1250015","1840","Florida Territory","125","Alachua","0015","Alachua",2282
"G1250035","1840","Florida Territory","125","Columbia","0035","Columbia",2102
"G1250055","1840","Florida Territory","125","Dade","0055","Dade",446
"G1250075","1840","Florida Territory","125","Duval","0075","Duval",4156
"G1250095","1840","Florida Territory","125","Escambia","0095","Escambia",3993
"G1250115","1840","Florida Territory","125","Franklin","0115","Franklin",1030
"G1250125","1840","Florida Territory","125","Calhoun","0125","Calhoun",1142
"G1250135","1840","Florida Territory","125","Gadsden","0135","Gadsden",5992
"G1250155","1840","Florida Territory","125","Hamilton","0155","Hamilton",1464
"G1250175","1840","Florida Territory","125","Hillsborough","0175","Hillsborough",452
"G1250195","1840","Florida Territory","125","Jackson","0195","Jackson",4681
"G1250215","1840","Florida Territory","125","Jefferson","0215","Jefferson",5713
"G1250235","1840","Florida Territory","125","Leon","0235","Leon",10713
"G1250255","1840","Florida Territory","125","Madison","0255","Madison",2644
"G1250275","1840","Florida Territory","125","Monroe","0275","Monroe",688
"G1250295","1840","Florida Territory","125","Mosquito","0295","Mosquito",73
"G1250315","1840","Florida Territory","125","Nassau","0315","Nassau",1892
"G1250355","1840","Florida Territory","125","St Johns","0355","St Johns",2694
"G1250375","1840","Florida Territory","125","Walton","0375","Walton",1461
"G1250395","1840","Florida Territory","125","Washington","0395","Washington",859
"G1300010","1840","Georgia","130","Appling","0010","Appling",2052
"G1300070","1840","Georgia","130","Baker","0070","Baker",4226
"G1300090","1840","Georgia","130","Baldwin","0090","Baldwin",7250
"G1300210","1840","Georgia","130","Bibb","0210","Bibb",9390
"G1300290","1840","Georgia","130","Bryan","0290","Bryan",9802
"G1300310","1840","Georgia","130","Bulloch","0310","Bulloch",3182
"G1300330","1840","Georgia","130","Burke","0330","Burke",3102
"G1300350","1840","Georgia","130","Butts","0350","Butts",13176
"G1300390","1840","Georgia","130","Camden","0390","Camden",5308
"G1300395","1840","Georgia","130","Campbell","0395","Campbell",6075
"G1300450","1840","Georgia","130","Carroll","0450","Carroll",5370
"G1300455","1840","Georgia","130","Cass","0455","Cass",5252
"G1300510","1840","Georgia","130","Chatham","0510","Chatham",18801
"G1300550","1840","Georgia","130","Chattooga","0550","Chattooga",3438
"G1300570","1840","Georgia","130","Cherokee","0570","Cherokee",5895
"G1300590","1840","Georgia","130","Clarke","0590","Clarke",10522
"G1300670","1840","Georgia","130","Cobb","0670","Cobb",7539
"G1300730","1840","Georgia","130","Columbia","0730","Columbia",11356
"G1300770","1840","Georgia","130","Coweta","0770","Coweta",10364
"G1300790","1840","Georgia","130","Crawford","0790","Crawford",7981
"G1300830","1840","Georgia","130","Dade","0830","Dade",1364
"G1300870","1840","Georgia","130","Decatur","0870","Decatur",5872
"G1300890","1840","Georgia","130","DeKalb","0890","De Kalb",10467
"G1300930","1840","Georgia","130","Dooly","0930","Dooly",4427
"G1300990","1840","Georgia","130","Early","0990","Early",5444
"G1301030","1840","Georgia","130","Effingham","1030","Effingham",3075
"G1301050","1840","Georgia","130","Elbert","1050","Elbert",11125
"G1301070","1840","Georgia","130","Emanuel","1070","Emanuel",3129
"G1301130","1840","Georgia","130","Fayette","1130","Fayette",6191
"G1301150","1840","Georgia","130","Floyd","1150","Floyd",4441
"G1301170","1840","Georgia","130","Forsyth","1170","Forsyth",5619
"G1301190","1840","Georgia","130","Franklin","1190","Franklin",9886
"G1301230","1840","Georgia","130","Gilmer","1230","Gilmer",2536
"G1301270","1840","Georgia","130","Glynn","1270","Glynn",5302
"G1301330","1840","Georgia","130","Greene","1330","Greene",11690
"G1301350","1840","Georgia","130","Gwinnett","1350","Gwinnett",10804
"G1301370","1840","Georgia","130","Habersham","1370","Habersham",7961
"G1301390","1840","Georgia","130","Hall","1390","Hall",7875
"G1301410","1840","Georgia","130","Hancock","1410","Hancock",9659
"G1301450","1840","Georgia","130","Harris","1450","Harris",13933
"G1301490","1840","Georgia","130","Heard","1490","Heard",5329
"G1301510","1840","Georgia","130","Henry","1510","Henry",11756
"G1301530","1840","Georgia","130","Houston","1530","Houston",9711
"G1301550","1840","Georgia","130","Irwin","1550","Irwin",2038
"G1301570","1840","Georgia","130","Jackson","1570","Jackson",8522
"G1301590","1840","Georgia","130","Jasper","1590","Jasper",11111
"G1301630","1840","Georgia","130","Jefferson","1630","Jefferson",7254
"G1301690","1840","Georgia","130","Jones","1690","Jones",10065
"G1301750","1840","Georgia","130","Laurens","1750","Laurens",5585
"G1301770","1840","Georgia","130","Lee","1770","Lee",4520
"G1301790","1840","Georgia","130","Liberty","1790","Liberty",7241
"G1301810","1840","Georgia","130","Lincoln","1810","Lincoln",5895
"G1301850","1840","Georgia","130","Lowndes","1850","Lowndes",5574
"G1301870","1840","Georgia","130","Lumpkin","1870","Lumpkin",5671
"G1301910","1840","Georgia","130","McIntosh","1910","Mcintosh",5360
"G1301930","1840","Georgia","130","Macon","1930","Macon",5045
"G1301950","1840","Georgia","130","Madison","1950","Madison",4510
"G1301970","1840","Georgia","130","Marion","1970","Marion",4812
"G1301990","1840","Georgia","130","Meriwether","1990","Meriwether",14132
"G1302070","1840","Georgia","130","Monroe","2070","Monroe",16275
"G1302090","1840","Georgia","130","Montgomery","2090","Montgomery",1616
"G1302110","1840","Georgia","130","Morgan","2110","Morgan",9121
"G1302130","1840","Georgia","130","Murray","2130","Murray",4695
"G1302150","1840","Georgia","130","Muscogee","2150","Muscogee",11699
"G1302170","1840","Georgia","130","Newton","2170","Newton",11628
"G1302210","1840","Georgia","130","Oglethorpe","2210","Oglethorpe",10868
"G1302230","1840","Georgia","130","Paulding","2230","Paulding",2556
"G1302310","1840","Georgia","130","Pike","2310","Pike",9176
"G1302350","1840","Georgia","130","Pulaski","2350","Pulaski",5389
"G1302370","1840","Georgia","130","Putnam","2370","Putnam",10260
"G1302410","1840","Georgia","130","Rabun","2410","Rabun",1912
"G1302430","1840","Georgia","130","Randolph","2430","Randolph",8276
"G1302450","1840","Georgia","130","Richmond","2450","Richmond",11932
"G1302510","1840","Georgia","130","Screven","2510","Screven",4794
"G1302590","1840","Georgia","130","Stewart","2590","Stewart",12933
"G1302610","1840","Georgia","130","Sumter","2610","Sumter",5759
"G1302630","1840","Georgia","130","Talbot","2630","Talbot",15627
"G1302650","1840","Georgia","130","Taliaferro","2650","Taliaferro",5190
"G1302670","1840","Georgia","130","Tattnall","2670","Tattnall",2724
"G1302710","1840","Georgia","130","Telfair","2710","Telfair",2763
"G1302750","1840","Georgia","130","Thomas","2750","Thomas",6766
"G1302850","1840","Georgia","130","Troup","2850","Troup",15733
"G1302890","1840","Georgia","130","Twiggs","2890","Twiggs",8422
"G1302910","1840","Georgia","130","Union","2910","Union",3152
"G1302930","1840","Georgia","130","Upson","2930","Upson",9408
"G1302950","1840","Georgia","130","Walker","2950","Walker",6572
"G1302970","1840","Georgia","130","Walton","2970","Walton",10209
"G1302990","1840","Georgia","130","Ware","2990","Ware",2323
"G1303010","1840","Georgia","130","Warren","3010","Warren",9789
"G1303030","1840","Georgia","130","Washington","3030","Washington",10565
"G1303050","1840","Georgia","130","Wayne","3050","Wayne",1258
"G1303170","1840","Georgia","130","Wilkes","3170","Wilkes",10148
"G1303190","1840","Georgia","130","Wilkinson","3190","Wilkinson",6842
"G1700010","1840","Illinois","170","Adams","0010","Adams",14476
"G1700030","1840","Illinois","170","Alexander","0030","Alexander",3313
"G1700050","1840","Illinois","170","Bond","0050","Bond",5060
"G1700070","1840","Illinois","170","Boone","0070","Boone",1705
"G1700090","1840","Illinois","170","Brown","0090","Brown",4183
"G1700110","1840","Illinois","170","Bureau","0110","Bureau",3067
"G1700130","1840","Illinois","170","Calhoun","0130","Calhoun",1741
"G1700150","1840","Illinois","170","Carroll","0150","Carroll",1023
"G1700170","1840","Illinois","170","Cass","0170","Cass",2981
"G1700190","1840","Illinois","170","Champaign","0190","Champaign",1475
"G1700210","1840","Illinois","170","Christian","0210","Christian",1878
"G1700230","1840","Illinois","170","Clark","0230","Clark",7453
"G1700250","1840","Illinois","170","Clay","0250","Clay",3228
"G1700270","1840","Illinois","170","Clinton","0270","Clinton",3718
"G1700290","1840","Illinois","170","Coles","0290","Coles",9616
"G1700310","1840","Illinois","170","Cook","0310","Cook",10201
"G1700330","1840","Illinois","170","Crawford","0330","Crawford",4422
"G1700370","1840","Illinois","170","DeKalb","0370","De Kalb",1697
"G1700390","1840","Illinois","170","De Witt","0390","De Witt",3247
"G1700430","1840","Illinois","170","Dupage","0430","Du Page",3535
"G1700450","1840","Illinois","170","Edgar","0450","Edgar",8225
"G1700470","1840","Illinois","170","Edwards","0470","Edwards",3070
"G1700490","1840","Illinois","170","Effingham","0490","Effingham",1675
"G1700510","1840","Illinois","170","Fayette","0510","Fayette",6328
"G1700550","1840","Illinois","170","Franklin","0550","Franklin",3682
"G1700570","1840","Illinois","170","Fulton","0570","Fulton",13142
"G1700590","1840","Illinois","170","Gallatin","0590","Gallatin",10760
"G1700610","1840","Illinois","170","Greene","0610","Greene",11951
"G1700650","1840","Illinois","170","Hamilton","0650","Hamilton",3945
"G1700670","1840","Illinois","170","Hancock","0670","Hancock",9946
"G1700690","1840","Illinois","170","Hardin","0690","Hardin",1378
"G1700730","1840","Illinois","170","Henry","0730","Henry",1260
"G1700750","1840","Illinois","170","Iroquois","0750","Iroquois",1695
"G1700770","1840","Illinois","170","Jackson","0770","Jackson",3566
"G1700790","1840","Illinois","170","Jasper","0790","Jasper",1472
"G1700810","1840","Illinois","170","Jefferson","0810","Jefferson",5762
"G1700830","1840","Illinois","170","Jersey","0830","Jersey",4535
"G1700850","1840","Illinois","170","Jo Daviess","0850","Jo Daviess",6180
"G1700870","1840","Illinois","170","Johnson","0870","Johnson",3626
"G1700890","1840","Illinois","170","Kane","0890","Kane",6501
"G1700950","1840","Illinois","170","Knox","0950","Knox",7060
"G1700970","1840","Illinois","170","Lake","0970","Lake",2634
"G1700990","1840","Illinois","170","La Salle","0990","La Salle",9348
"G1701010","1840","Illinois","170","Lawrence","1010","Lawrence",7092
"G1701030","1840","Illinois","170","Lee","1030","Lee",2035
"G1701050","1840","Illinois","170","Livingston","1050","Livingston",759
"G1701070","1840","Illinois","170","Logan","1070","Logan",2333
"G1701090","1840","Illinois","170","McDonough","1090","Mcdonough",5308
"G1701110","1840","Illinois","170","McHenry","1110","Mchenry",2578
"G1701130","1840","Illinois","170","McLean","1130","Mclean",6565
"G1701150","1840","Illinois","170","Macon","1150","Macon",3039
"G1701170","1840","Illinois","170","Macoupin","1170","Macoupin",7826
"G1701190","1840","Illinois","170","Madison","1190","Madison",14433
"G1701210","1840","Illinois","170","Marion","1210","Marion",4742
"G1701230","1840","Illinois","170","Marshall","1230","Marshall",1849
"G1701290","1840","Illinois","170","Menard","1290","Menard",4431
"G1701310","1840","Illinois","170","Mercer","1310","Mercer",2352
"G1701330","1840","Illinois","170","Monroe","1330","Monroe",4481
"G1701350","1840","Illinois","170","Montgomery","1350","Montgomery",4490
"G1701370","1840","Illinois","170","Morgan","1370","Morgan",19547
"G1701410","1840","Illinois","170","Ogle","1410","Ogle",3479
"G1701430","1840","Illinois","170","Peoria","1430","Peoria",6153
"G1701450","1840","Illinois","170","Perry","1450","Perry",3222
"G1701490","1840","Illinois","170","Pike","1490","Pike",11728
"G1701510","1840","Illinois","170","Pope","1510","Pope",4094
"G1701550","1840","Illinois","170","Putnam","1550","Putnam",2131
"G1701570","1840","Illinois","170","Randolph","1570","Randolph",7944
"G1701610","1840","Illinois","170","Rock Island","1610","Rock Island",2610
"G1701630","1840","Illinois","170","St Clair","1630","St Clair",13631
"G1701670","1840","Illinois","170","Sangamon","1670","Sangamon",14716
"G1701690","1840","Illinois","170","Schuyler","1690","Schuyler",6972
"G1701710","1840","Illinois","170","Scott","1710","Scott",6215
"G1701730","1840","Illinois","170","Shelby","1730","Shelby",6659
"G1701750","1840","Illinois","170","Stark","1750","Stark",1573
"G1701770","1840","Illinois","170","Stephenson","1770","Stephenson",2800
"G1701790","1840","Illinois","170","Tazewell","1790","Tazewell",7221
"G1701810","1840","Illinois","170","Union","1810","Union",5524
"G1701830","1840","Illinois","170","Vermilion","1830","Vermilion",9303
"G1701850","1840","Illinois","170","Wabash","1850","Wabash",4240
"G1701870","1840","Illinois","170","Warren","1870","Warren",6739
"G1701890","1840","Illinois","170","Washington","1890","Washington",4810
"G1701910","1840","Illinois","170","Wayne","1910","Wayne",5133
"G1701930","1840","Illinois","170","White","1930","White",7919
"G1701950","1840","Illinois","170","Whiteside","1950","Whiteside",2514
"G1701970","1840","Illinois","170","Will","1970","Will",10167
"G1701990","1840","Illinois","170","Williamson","1990","Williamson",4457
"G1702010","1840","Illinois","170","Winnebago","2010","Winnebago",4609
"G1800010","1840","Indiana","180","Adams","0010","Adams",2264
"G1800030","1840","Indiana","180","Allen","0030","Allen",5942
"G1800050","1840","Indiana","180","Bartholomew","0050","Bartholomew",10042
"G1800090","1840","Indiana","180","Blackford","0090","Blackford",1226
"G1800110","1840","Indiana","180","Boone","0110","Boone",8121
"G1800130","1840","Indiana","180","Brown","0130","Brown",2364
"G1800150","1840","Indiana","180","Carroll","0150","Carroll",7819
"G1800170","1840","Indiana","180","Cass","0170","Cass",5480
"G1800190","1840","Indiana","180","Clark","0190","Clark",14595
"G1800210","1840","Indiana","180","Clay","0210","Clay",5567
"G1800230","1840","Indiana","180","Clinton","0230","Clinton",7508
"G1800250","1840","Indiana","180","Crawford","0250","Crawford",5282
"G1800270","1840","Indiana","180","Daviess","0270","Daviess",6720
"G1800290","1840","Indiana","180","Dearborn","0290","Dearborn",19327
"G1800310","1840","Indiana","180","Decatur","0310","Decatur",12171
"G1800330","1840","Indiana","180","DeKalb","0330","De Kalb",1968
"G1800350","1840","Indiana","180","Delaware","0350","Delaware",8843
"G1800370","1840","Indiana","180","Dubois","0370","Dubois",3632
"G1800390","1840","Indiana","180","Elkhart","0390","Elkhart",6660
"G1800410","1840","Indiana","180","Fayette","0410","Fayette",9837
"G1800430","1840","Indiana","180","Floyd","0430","Floyd",9454
"G1800450","1840","Indiana","180","Fountain","0450","Fountain",11218
"G1800470","1840","Indiana","180","Franklin","0470","Franklin",13349
"G1800490","1840","Indiana","180","Fulton","0490","Fulton",1993
"G1800510","1840","Indiana","180","Gibson","0510","Gibson",8977
"G1800530","1840","Indiana","180","Grant","0530","Grant",4875
"G1800550","1840","Indiana","180","Greene","0550","Greene",8321
"G1800570","1840","Indiana","180","Hamilton","0570","Hamilton",9855
"G1800590","1840","Indiana","180","Hancock","0590","Hancock",7535
"G1800610","1840","Indiana","180","Harrison","0610","Harrison",12459
"G1800630","1840","Indiana","180","Hendricks","0630","Hendricks",11264
"G1800650","1840","Indiana","180","Henry","0650","Henry",15128
"G1800690","1840","Indiana","180","Huntington","0690","Huntington",1579
"G1800710","1840","Indiana","180","Jackson","0710","Jackson",8961
"G1800730","1840","Indiana","180","Jasper","0730","Jasper",1267
"G1800750","1840","Indiana","180","Jay","0750","Jay",3863
"G1800770","1840","Indiana","180","Jefferson","0770","Jefferson",16614
"G1800790","1840","Indiana","180","Jennings","0790","Jennings",8829
"G1800810","1840","Indiana","180","Johnson","0810","Johnson",9352
"G1800830","1840","Indiana","180","Knox","0830","Knox",10657
"G1800850","1840","Indiana","180","Kosciusko","0850","Kosciusko",4170
"G1800870","1840","Indiana","180","Lagrange","0870","Lagrange",3664
"G1800890","1840","Indiana","180","Lake","0890","Lake",1468
"G1800910","1840","Indiana","180","LaPorte","0910","Laporte",8184
"G1800930","1840","Indiana","180","Lawrence","0930","Lawrence",11782
"G1800950","1840","Indiana","180","Madison","0950","Madison",8874
"G1800970","1840","Indiana","180","Marion","0970","Marion",16080
"G1800990","1840","Indiana","180","Marshall","0990","Marshall",1651
"G1801010","1840","Indiana","180","Martin","1010","Martin",3875
"G1801030","1840","Indiana","180","Miami","1030","Miami",3048
"G1801050","1840","Indiana","180","Monroe","1050","Monroe",10143
"G1801070","1840","Indiana","180","Montgomery","1070","Montgomery",14438
"G1801090","1840","Indiana","180","Morgan","1090","Morgan",10741
"G1801130","1840","Indiana","180","Noble","1130","Noble",2702
"G1801170","1840","Indiana","180","Orange","1170","Orange",9602
"G1801190","1840","Indiana","180","Owen","1190","Owen",8359
"G1801210","1840","Indiana","180","Parke","1210","Parke",13499
"G1801230","1840","Indiana","180","Perry","1230","Perry",4655
"G1801250","1840","Indiana","180","Pike","1250","Pike",4769
"G1801270","1840","Indiana","180","Porter","1270","Porter",2162
"G1801290","1840","Indiana","180","Posey","1290","Posey",9683
"G1801310","1840","Indiana","180","Pulaski","1310","Pulaski",561
"G1801330","1840","Indiana","180","Putnam","1330","Putnam",16843
"G1801350","1840","Indiana","180","Randolph","1350","Randolph",10684
"G1801370","1840","Indiana","180","Ripley","1370","Ripley",10392
"G1801390","1840","Indiana","180","Rush","1390","Rush",16456
"G1801410","1840","Indiana","180","St Joseph","1410","St Joseph",6425
"G1801430","1840","Indiana","180","Scott","1430","Scott",4242
"G1801450","1840","Indiana","180","Shelby","1450","Shelby",12005
"G1801470","1840","Indiana","180","Spencer","1470","Spencer",6305
"G1801490","1840","Indiana","180","Starke","1490","Starke",149
"G1801510","1840","Indiana","180","Steuben","1510","Steuben",2578
"G1801530","1840","Indiana","180","Sullivan","1530","Sullivan",8315
"G1801550","1840","Indiana","180","Switzerland","1550","Switzerland",9920
"G1801570","1840","Indiana","180","Tippecanoe","1570","Tippecanoe",13724
"G1801610","1840","Indiana","180","Union","1610","Union",8017
"G1801630","1840","Indiana","180","Vanderburgh","1630","Vanderburgh",6250
"G1801650","1840","Indiana","180","Vermillion","1650","Vermillion",8274
"G1801670","1840","Indiana","180","Vigo","1670","Vigo",12076
"G1801690","1840","Indiana","180","Wabash","1690","Wabash",2756
"G1801710","1840","Indiana","180","Warren","1710","Warren",5656
"G1801730","1840","Indiana","180","Warrick","1730","Warrick",6321
"G1801750","1840","Indiana","180","Washington","1750","Washington",15269
"G1801770","1840","Indiana","180","Wayne","1770","Wayne",23290
"G1801790","1840","Indiana","180","Wells","1790","Wells",1822
"G1801810","1840","Indiana","180","White","1810","White",1832
"G1801830","1840","Indiana","180","Whitley","1830","Whitley",1237
"G1950015","1840","Iowa Territory","195","Cedar","0015","Cedar",1253
"G1950035","1840","Iowa Territory","195","Clayton","0035","Clayton",1101
"G1950055","1840","Iowa Territory","195","Clinton","0055","Clinton",821
"G1950075","1840","Iowa Territory","195","Delaware","0075","Delaware",168
"G1950095","1840","Iowa Territory","195","Des Moines","0095","Des Moines",5577
"G1950115","1840","Iowa Territory","195","Dubuque","0115","Dubuque",3059
"G1950135","1840","Iowa Territory","195","Henry","0135","Henry",3772
"G1950155","1840","Iowa Territory","195","Jackson","0155","Jackson",1411
"G1950175","1840","Iowa Territory","195","Jefferson","0175","Jefferson",2773
"G1950195","1840","Iowa Territory","195","Johnson","0195","Johnson",1491
"G1950215","1840","Iowa Territory","195","Jones","0215","Jones",471
"G1950235","1840","Iowa Territory","195","Lee","0235","Lee",6093
"G1950255","1840","Iowa Territory","195","Linn","0255","Linn",1373
"G1950275","1840","Iowa Territory","195","Louisa","0275","Louisa",1927
"G1950295","1840","Iowa Territory","195","Muscatine","0295","Muscatine",1942
"G1950315","1840","Iowa Territory","195","Scott","0315","Scott",2140
"G1950335","1840","Iowa Territory","195","Van Buren","0335","Van Buren",6146
"G1950355","1840","Iowa Territory","195","Washington","0355","Washington",1594
"G2100010","1840","Kentucky","210","Adair","0010","Adair",8466
"G2100030","1840","Kentucky","210","Allen","0030","Allen",7329
"G2100050","1840","Kentucky","210","Anderson","0050","Anderson",5452
"G2100090","1840","Kentucky","210","Barren","0090","Barren",17288
"G2100110","1840","Kentucky","210","Bath","0110","Bath",9763
"G2100150","1840","Kentucky","210","Boone","0150","Boone",10034
"G2100170","1840","Kentucky","210","Bourbon","0170","Bourbon",14478
"G2100230","1840","Kentucky","210","Bracken","0230","Bracken",7053
"G2100250","1840","Kentucky","210","Breathitt","0250","Breathitt",2195
"G2100270","1840","Kentucky","210","Breckinridge","0270","Breckinridge",8944
"G2100290","1840","Kentucky","210","Bullitt","0290","Bullitt",6334
"G2100310","1840","Kentucky","210","Butler","0310","Butler",3898
"G2100330","1840","Kentucky","210","Caldwell","0330","Caldwell",10365
"G2100350","1840","Kentucky","210","Calloway","0350","Calloway",9794
"G2100370","1840","Kentucky","210","Campbell","0370","Campbell",5214
"G2100410","1840","Kentucky","210","Carroll","0410","Carroll",3966
"G2100430","1840","Kentucky","210","Carter","0430","Carter",2905
"G2100450","1840","Kentucky","210","Casey","0450","Casey",4939
"G2100470","1840","Kentucky","210","Christian","0470","Christian",15587
"G2100490","1840","Kentucky","210","Clark","0490","Clark",10802
"G2100510","1840","Kentucky","210","Clay","0510","Clay",4607
"G2100530","1840","Kentucky","210","Clinton","0530","Clinton",3863
"G2100570","1840","Kentucky","210","Cumberland","0570","Cumberland",6090
"G2100590","1840","Kentucky","210","Daviess","0590","Daviess",8331
"G2100610","1840","Kentucky","210","Edmonson","0610","Edmonson",2914
"G2100650","1840","Kentucky","210","Estill","0650","Estill",5535
"G2100670","1840","Kentucky","210","Fayette","0670","Fayette",22194
"G2100690","1840","Kentucky","210","Fleming","0690","Fleming",13268
"G2100710","1840","Kentucky","210","Floyd","0710","Floyd",6302
"G2100730","1840","Kentucky","210","Franklin","0730","Franklin",9420
"G2100770","1840","Kentucky","210","Gallatin","0770","Gallatin",4003
"G2100790","1840","Kentucky","210","Garrard","0790","Garrard",10480
"G2100810","1840","Kentucky","210","Grant","0810","Grant",4192
"G2100830","1840","Kentucky","210","Graves","0830","Graves",7465
"G2100850","1840","Kentucky","210","Grayson","0850","Grayson",4461
"G2100870","1840","Kentucky","210","Green","0870","Green",14212
"G2100890","1840","Kentucky","210","Greenup","0890","Greenup",6297
"G2100910","1840","Kentucky","210","Hancock","0910","Hancock",2581
"G2100930","1840","Kentucky","210","Hardin","0930","Hardin",16357
"G2100950","1840","Kentucky","210","Harlan","0950","Harlan",3015
"G2100970","1840","Kentucky","210","Harrison","0970","Harrison",12472
"G2100990","1840","Kentucky","210","Hart","0990","Hart",7031
"G2101010","1840","Kentucky","210","Henderson","1010","Henderson",9548
"G2101030","1840","Kentucky","210","Henry","1030","Henry",10015
"G2101050","1840","Kentucky","210","Hickman","1050","Hickman",8968
"G2101070","1840","Kentucky","210","Hopkins","1070","Hopkins",9171
"G2101110","1840","Kentucky","210","Jefferson","1110","Jefferson",36346
"G2101130","1840","Kentucky","210","Jessamine","1130","Jessamine",9396
"G2101170","1840","Kentucky","210","Kenton","1170","Kenton",7816
"G2101210","1840","Kentucky","210","Knox","1210","Knox",5722
"G2101250","1840","Kentucky","210","Laurel","1250","Laurel",3079
"G2101270","1840","Kentucky","210","Lawrence","1270","Lawrence",4730
"G2101350","1840","Kentucky","210","Lewis","1350","Lewis",6306
"G2101370","1840","Kentucky","210","Lincoln","1370","Lincoln",10187
"G2101390","1840","Kentucky","210","Livingston","1390","Livingston",9025
"G2101410","1840","Kentucky","210","Logan","1410","Logan",13615
"G2101450","1840","Kentucky","210","McCracken","1450","Mccracken",4745
"G2101510","1840","Kentucky","210","Madison","1510","Madison",16355
"G2101550","1840","Kentucky","210","Marion","1550","Marion",11032
"G2101610","1840","Kentucky","210","Mason","1610","Mason",15719
"G2101630","1840","Kentucky","210","Meade","1630","Meade",5780
"G2101670","1840","Kentucky","210","Mercer","1670","Mercer",18720
"G2101710","1840","Kentucky","210","Monroe","1710","Monroe",6526
"G2101730","1840","Kentucky","210","Montgomery","1730","Montgomery",9332
"G2101750","1840","Kentucky","210","Morgan","1750","Morgan",4603
"G2101770","1840","Kentucky","210","Muhlenberg","1770","Muhlenberg",6964
"G2101790","1840","Kentucky","210","Nelson","1790","Nelson",13637
"G2101810","1840","Kentucky","210","Nicholas","1810","Nicholas",8745
"G2101830","1840","Kentucky","210","Ohio","1830","Ohio",6592
"G2101850","1840","Kentucky","210","Oldham","1850","Oldham",7380
"G2101870","1840","Kentucky","210","Owen","1870","Owen",8232
"G2101910","1840","Kentucky","210","Pendleton","1910","Pendleton",4455
"G2101930","1840","Kentucky","210","Perry","1930","Perry",3089
"G2101950","1840","Kentucky","210","Pike","1950","Pike",3567
"G2101990","1840","Kentucky","210","Pulaski","1990","Pulaski",9620
"G2102030","1840","Kentucky","210","Rockcastle","2030","Rockcastle",3409
"G2102070","1840","Kentucky","210","Russell","2070","Russell",4238
"G2102090","1840","Kentucky","210","Scott","2090","Scott",13668
"G2102110","1840","Kentucky","210","Shelby","2110","Shelby",17768
"G2102130","1840","Kentucky","210","Simpson","2130","Simpson",6537
"G2102150","1840","Kentucky","210","Spencer","2150","Spencer",6581
"G2102190","1840","Kentucky","210","Todd","2190","Todd",9991
"G2102210","1840","Kentucky","210","Trigg","2210","Trigg",7716
"G2102230","1840","Kentucky","210","Trimble","2230","Trimble",4480
"G2102250","1840","Kentucky","210","Union","2250","Union",6673
"G2102270","1840","Kentucky","210","Warren","2270","Warren",15446
"G2102290","1840","Kentucky","210","Washington","2290","Washington",10596
"G2102310","1840","Kentucky","210","Wayne","2310","Wayne",7399
"G2102350","1840","Kentucky","210","Whitley","2350","Whitley",4673
"G2102390","1840","Kentucky","210","Woodford","2390","Woodford",11740
"G2200050","1840","Louisiana","220","Ascension","0050","Ascension",6951
"G2200070","1840","Louisiana","220","Assumption","0070","Assumption",7141
"G2200090","1840","Louisiana","220","Avoyelles","0090","Avoyelles",6616
"G2200170","1840","Louisiana","220","Caddo","0170","Caddo",5282
"G2200190","1840","Louisiana","220","Calcasieu","0190","Calcasieu",2057
"G2200210","1840","Louisiana","220","Caldwell","0210","Caldwell",2017
"G2200235","1840","Louisiana","220","Carroll","0235","Carroll",4237
"G2200250","1840","Louisiana","220","Catahoula","0250","Catahoula",4955
"G2200270","1840","Louisiana","220","Claiborne","0270","Claiborne",6185
"G2200290","1840","Louisiana","220","Concordia","0290","Concordia",9414
"G2200330","1840","Louisiana","220","East Baton Rouge","0330","East Baton Rouge",8138
"G2200370","1840","Louisiana","220","East Feliciana","0370","East Feliciana",11893
"G2200470","1840","Louisiana","220","Iberville","0470","Iberville",8495
"G2200510","1840","Louisiana","220","Jefferson","0510","Jefferson",10470
"G2200550","1840","Louisiana","220","Lafayette","0550","Lafayette",7841
"G2200570","1840","Louisiana","220","Lafourche","0570","Lafourche",7303
"G2200630","1840","Louisiana","220","Livingston","0630","Livingston",2315
"G2200650","1840","Louisiana","220","Madison","0650","Madison",5142
"G2200690","1840","Louisiana","220","Natchitoches","0690","Natchitoches",14350
"G2200710","1840","Louisiana","220","Orleans","0710","Orleans",102193
"G2200730","1840","Louisiana","220","Ouachita","0730","Ouachita",4640
"G2200750","1840","Louisiana","220","Plaquemines","0750","Plaquemines",5060
"G2200770","1840","Louisiana","220","Pointe Coupee","0770","Pointe Coupee",7898
"G2200790","1840","Louisiana","220","Rapides","0790","Rapides",14132
"G2200870","1840","Louisiana","220","St Bernard","0870","St Bernard",3237
"G2200890","1840","Louisiana","220","St Charles","0890","St Charles",4700
"G2200910","1840","Louisiana","220","St Helena","0910","St Helena",3525
"G2200930","1840","Louisiana","220","St James","0930","St James",8548
"G2200950","1840","Louisiana","220","St John The Baptist","0950","St John The Baptist",5776
"G2200970","1840","Louisiana","220","St Landry","0970","St Landry",15233
"G2200990","1840","Louisiana","220","St Martin","0990","St Martin",8674
"G2201010","1840","Louisiana","220","St Mary","1010","St Mary",8950
"G2201030","1840","Louisiana","220","St Tammany","1030","St Tammany",4598
"G2201090","1840","Louisiana","220","Terrebonne","1090","Terrebonne",4410
"G2201110","1840","Louisiana","220","Union","1110","Union",1838
"G2201170","1840","Louisiana","220","Washington","1170","Washington",2649
"G2201210","1840","Louisiana","220","West Baton Rouge","1210","West Baton Rouge",4638
"G2201250","1840","Louisiana","220","West Feliciana","1250","West Feliciana",10910
"G2300030","1840","Maine","230","Aroostook","0030","Aroostook",9413
"G2300050","1840","Maine","230","Cumberland","0050","Cumberland",68658
"G2300070","1840","Maine","230","Franklin","0070","Franklin",20801
"G2300090","1840","Maine","230","Hancock","0090","Hancock",28605
"G2300110","1840","Maine","230","Kennebec","0110","Kennebec",55823
"G2300150","1840","Maine","230","Lincoln","0150","Lincoln",63517
"G2300170","1840","Maine","230","Oxford","0170","Oxford",38351
"G2300190","1840","Maine","230","Penobscot","0190","Penobscot",45705
"G2300210","1840","Maine","230","Piscataquis","0210","Piscataquis",13138
"G2300250","1840","Maine","230","Somerset","0250","Somerset",33912
"G2300270","1840","Maine","230","Waldo","0270","Waldo",41509
"G2300290","1840","Maine","230","Washington","0290","Washington",28327
"G2300310","1840","Maine","230","York","0310","York",54034
"G2400010","1840","Maryland","240","Allegany","0010","Allegany",15690
"G2400030","1840","Maryland","240","Anne Arundel","0030","Anne Arundel",29532
"G2400050","1840","Maryland","240","Baltimore","0050","Baltimore",134379
"G2400090","1840","Maryland","240","Calvert","0090","Calvert",9229
"G2400110","1840","Maryland","240","Caroline","0110","Caroline",7806
"G2400130","1840","Maryland","240","Carroll","0130","Carroll",17241
"G2400150","1840","Maryland","240","Cecil","0150","Cecil",17232
"G2400170","1840","Maryland","240","Charles","0170","Charles",16023
"G2400190","1840","Maryland","240","Dorchester","0190","Dorchester",18843
"G2400210","1840","Maryland","240","Frederick","0210","Frederick",36405
"G2400250","1840","Maryland","240","Harford","0250","Harford",17120
"G2400290","1840","Maryland","240","Kent","0290","Kent",10842
"G2400310","1840","Maryland","240","Montgomery","0310","Montgomery",15456
"G2400330","1840","Maryland","240","Prince Georges","0330","Prince Georges",19539
"G2400350","1840","Maryland","240","Queen Anne's","0350","Queen Anne's",12633
"G2400370","1840","Maryland","240","St Mary's","0370","St Mary's",13224
"G2400390","1840","Maryland","240","Somerset","0390","Somerset",19508
"G2400410","1840","Maryland","240","Talbot","0410","Talbot",12090
"G2400430","1840","Maryland","240","Washington","0430","Washington",28850
"G2400470","1840","Maryland","240","Worcester","0470","Worcester",18377
"G2500010","1840","Massachusetts","250","Barnstable","0010","Barnstable",32548
"G2500030","1840","Massachusetts","250","Berkshire","0030","Berkshire",41745
"G2500050","1840","Massachusetts","250","Bristol","0050","Bristol",60164
"G2500070","1840","Massachusetts","250","Dukes","0070","Dukes",3958
"G2500090","1840","Massachusetts","250","Essex","0090","Essex",94987
"G2500110","1840","Massachusetts","250","Franklin","0110","Franklin",28812
"G2500130","1840","Massachusetts","250","Hampden","0130","Hampden",37366
"G2500150","1840","Massachusetts","250","Hampshire","0150","Hampshire",30897
"G2500170","1840","Massachusetts","250","Middlesex","0170","Middlesex",106611
"G2500190","1840","Massachusetts","250","Nantucket","0190","Nantucket",9012
"G2500210","1840","Massachusetts","250","Norfolk","0210","Norfolk",53140
"G2500230","1840","Massachusetts","250","Plymouth","0230","Plymouth",47373
"G2500250","1840","Massachusetts","250","Suffolk","0250","Suffolk",95773
"G2500270","1840","Massachusetts","250","Worcester","0270","Worcester",95313
"G2600050","1840","Michigan","260","Allegan","0050","Allegan",1783
"G2600150","1840","Michigan","260","Barry","0150","Barry",1078
"G2600210","1840","Michigan","260","Berrien","0210","Berrien",5011
"G2600230","1840","Michigan","260","Branch","0230","Branch",5715
"G2600250","1840","Michigan","260","Calhoun","0250","Calhoun",10599
"G2600270","1840","Michigan","260","Cass","0270","Cass",5710
"G2600330","1840","Michigan","260","Chippewa","0330","Chippewa",534
"G2600370","1840","Michigan","260","Clinton","0370","Clinton",1614
"G2600450","1840","Michigan","260","Eaton","0450","Eaton",2379
"G2600490","1840","Michigan","260","Genesee","0490","Genesee",4268
"G2600590","1840","Michigan","260","Hillsdale","0590","Hillsdale",7240
"G2600650","1840","Michigan","260","Ingham","0650","Ingham",2498
"G2600670","1840","Michigan","260","Ionia","0670","Ionia",1923
"G2600750","1840","Michigan","260","Jackson","0750","Jackson",13130
"G2600770","1840","Michigan","260","Kalamazoo","0770","Kalamazoo",7380
"G2600810","1840","Michigan","260","Kent","0810","Kent",2587
"G2600870","1840","Michigan","260","Lapeer","0870","Lapeer",4265
"G2600910","1840","Michigan","260","Lenawee","0910","Lenawee",17889
"G2600930","1840","Michigan","260","Livingston","0930","Livingston",7430
"G2600990","1840","Michigan","260","Macomb","0990","Macomb",9716
"G2601095","1840","Michigan","260","Michilimackinac","1095","Michilimackinac",923
"G2601150","1840","Michigan","260","Monroe","1150","Monroe",9922
"G2601250","1840","Michigan","260","Oakland","1250","Oakland",23646
"G2601270","1840","Michigan","260","Oceana","1270","Oceana",496
"G2601390","1840","Michigan","260","Ottawa","1390","Ottawa",208
"G2601450","1840","Michigan","260","Saginaw","1450","Saginaw",892
"G2601470","1840","Michigan","260","St Clair","1470","St Clair",4606
"G2601490","1840","Michigan","260","St Joseph","1490","St Joseph",7068
"G2601550","1840","Michigan","260","Shiawassee","1550","Shiawassee",2103
"G2601590","1840","Michigan","260","Van Buren","1590","Van Buren",1910
"G2601610","1840","Michigan","260","Washtenaw","1610","Washtenaw",23571
"G2601630","1840","Michigan","260","Wayne","1630","Wayne",24173
"G2800010","1840","Mississippi","280","Adams","0010","Adams",19434
"G2800050","1840","Mississippi","280","Amite","0050","Amite",9511
"G2800070","1840","Mississippi","280","Attala","0070","Attala",4303
"G2800110","1840","Mississippi","280","Bolivar","0110","Bolivar",1356
"G2800150","1840","Mississippi","280","Carroll","0150","Carroll",10481
"G2800170","1840","Mississippi","280","Chickasaw","0170","Chickasaw",2955
"G2800190","1840","Mississippi","280","Choctaw","0190","Choctaw",6010
"G2800210","1840","Mississippi","280","Claiborne","0210","Claiborne",13078
"G2800230","1840","Mississippi","280","Clarke","0230","Clarke",2986
"G2800270","1840","Mississippi","280","Coahoma","0270","Coahoma",1290
"G2800290","1840","Mississippi","280","Copiah","0290","Copiah",8954
"G2800310","1840","Mississippi","280","Covington","0310","Covington",2717
"G2800330","1840","Mississippi","280","DeSoto","0330","De Soto",7002
"G2800370","1840","Mississippi","280","Franklin","0370","Franklin",4775
"G2800410","1840","Mississippi","280","Greene","0410","Greene",1636
"G2800450","1840","Mississippi","280","Hancock","0450","Hancock",3367
"G2800490","1840","Mississippi","280","Hinds","0490","Hinds",19098
"G2800510","1840","Mississippi","280","Holmes","0510","Holmes",9452
"G2800570","1840","Mississippi","280","Itawamba","0570","Itawamba",5375
"G2800590","1840","Mississippi","280","Jackson","0590","Jackson",1965
"G2800610","1840","Mississippi","280","Jasper","0610","Jasper",3958
"G2800630","1840","Mississippi","280","Jefferson","0630","Jefferson",11650
"G2800670","1840","Mississippi","280","Jones","0670","Jones",1258
"G2800690","1840","Mississippi","280","Kemper","0690","Kemper",7663
"G2800710","1840","Mississippi","280","Lafayette","0710","Lafayette",6531
"G2800750","1840","Mississippi","280","Lauderdale","0750","Lauderdale",5358
"G2800770","1840","Mississippi","280","Lawrence","0770","Lawrence",5920
"G2800790","1840","Mississippi","280","Leake","0790","Leake",2162
"G2800870","1840","Mississippi","280","Lowndes","0870","Lowndes",14513
"G2800890","1840","Mississippi","280","Madison","0890","Madison",15530
"G2800910","1840","Mississippi","280","Marion","0910","Marion",3830
"G2800930","1840","Mississippi","280","Marshall","0930","Marshall",17526
"G2800950","1840","Mississippi","280","Monroe","0950","Monroe",9250
"G2800990","1840","Mississippi","280","Neshoba","0990","Neshoba",2437
"G2801010","1840","Mississippi","280","Newton","1010","Newton",2527
"G2801030","1840","Mississippi","280","Noxubee","1030","Noxubee",9975
"G2801050","1840","Mississippi","280","Oktibbeha","1050","Oktibbeha",4276
"G2801070","1840","Mississippi","280","Panola","1070","Panola",4657
"G2801110","1840","Mississippi","280","Perry","1110","Perry",1889
"G2801130","1840","Mississippi","280","Pike","1130","Pike",6151
"G2801150","1840","Mississippi","280","Pontotoc","1150","Pontotoc",4491
"G2801210","1840","Mississippi","280","Rankin","1210","Rankin",4631
"G2801230","1840","Mississippi","280","Scott","1230","Scott",1653
"G2801270","1840","Mississippi","280","Simpson","1270","Simpson",3380
"G2801290","1840","Mississippi","280","Smith","1290","Smith",1961
"G2801350","1840","Mississippi","280","Tallahatchie","1350","Tallahatchie",2985
"G2801390","1840","Mississippi","280","Tippah","1390","Tippah",9444
"G2801410","1840","Mississippi","280","Tishomingo","1410","Tishomingo",6681
"G2801430","1840","Mississippi","280","Tunica","1430","Tunica",821
"G2801490","1840","Mississippi","280","Warren","1490","Warren",15820
"G2801510","1840","Mississippi","280","Washington","1510","Washington",7287
"G2801530","1840","Mississippi","280","Wayne","1530","Wayne",2120
"G2801570","1840","Mississippi","280","Wilkinson","1570","Wilkinson",14193
"G2801590","1840","Mississippi","280","Winston","1590","Winston",4650
"G2801610","1840","Mississippi","280","Yalobusha","1610","Yalobusha",12248
"G2801630","1840","Mississippi","280","Yazoo","1630","Yazoo",10480
"G2900070","1840","Missouri","290","Audrain","0070","Audrain",1949
"G2900090","1840","Missouri","290","Barry","0090","Barry",4795
"G2900150","1840","Missouri","290","Benton","0150","Benton",4205
"G2900190","1840","Missouri","290","Boone","0190","Boone",13561
"G2900210","1840","Missouri","290","Buchanan","0210","Buchanan",6237
"G2900250","1840","Missouri","290","Caldwell","0250","Caldwell",1458
"G2900270","1840","Missouri","290","Callaway","0270","Callaway",11765
"G2900310","1840","Missouri","290","Cape Girardeau","0310","Cape Girardeau",9359
"G2900330","1840","Missouri","290","Carroll","0330","Carroll",2423
"G2900410","1840","Missouri","290","Chariton","0410","Chariton",4746
"G2900450","1840","Missouri","290","Clark","0450","Clark",2846
"G2900470","1840","Missouri","290","Clay","0470","Clay",8282
"G2900490","1840","Missouri","290","Clinton","0490","Clinton",2724
"G2900510","1840","Missouri","290","Cole","0510","Cole",9286
"G2900530","1840","Missouri","290","Cooper","0530","Cooper",10484
"G2900550","1840","Missouri","290","Crawford","0550","Crawford",3561
"G2900610","1840","Missouri","290","Daviess","0610","Daviess",2736
"G2900710","1840","Missouri","290","Franklin","0710","Franklin",7515
"G2900730","1840","Missouri","290","Gasconade","0730","Gasconade",5330
"G2900770","1840","Missouri","290","Greene","0770","Greene",5372
"G2900890","1840","Missouri","290","Howard","0890","Howard",13108
"G2900950","1840","Missouri","290","Jackson","0950","Jackson",7612
"G2900990","1840","Missouri","290","Jefferson","0990","Jefferson",4296
"G2901010","1840","Missouri","290","Johnson","1010","Johnson",4471
"G2901070","1840","Missouri","290","Lafayette","1070","Lafayette",6815
"G2901110","1840","Missouri","290","Lewis","1110","Lewis",6040
"G2901130","1840","Missouri","290","Lincoln","1130","Lincoln",7449
"G2901150","1840","Missouri","290","Linn","1150","Linn",2245
"G2901170","1840","Missouri","290","Livingston","1170","Livingston",4325
"G2901210","1840","Missouri","290","Macon","1210","Macon",6034
"G2901230","1840","Missouri","290","Madison","1230","Madison",3395
"G2901270","1840","Missouri","290","Marion","1270","Marion",9623
"G2901310","1840","Missouri","290","Miller","1310","Miller",2282
"G2901370","1840","Missouri","290","Monroe","1370","Monroe",9505
"G2901390","1840","Missouri","290","Montgomery","1390","Montgomery",4371
"G2901410","1840","Missouri","290","Morgan","1410","Morgan",4407
"G2901430","1840","Missouri","290","New Madrid","1430","New Madrid",4554
"G2901450","1840","Missouri","290","Newton","1450","Newton",3790
"G2901570","1840","Missouri","290","Perry","1570","Perry",5760
"G2901590","1840","Missouri","290","Pettis","1590","Pettis",2930
"G2901630","1840","Missouri","290","Pike","1630","Pike",10646
"G2901650","1840","Missouri","290","Platte","1650","Platte",8913
"G2901670","1840","Missouri","290","Polk","1670","Polk",8449
"G2901690","1840","Missouri","290","Pulaski","1690","Pulaski",6529
"G2901730","1840","Missouri","290","Ralls","1730","Ralls",5670
"G2901750","1840","Missouri","290","Randolph","1750","Randolph",7198
"G2901770","1840","Missouri","290","Ray","1770","Ray",6553
"G2901810","1840","Missouri","290","Ripley","1810","Ripley",2856
"G2901815","1840","Missouri","290","Rives","1815","Rives",4726
"G2901830","1840","Missouri","290","St Charles","1830","St Charles",7911
"G2901860","1840","Missouri","290","Ste Genevieve","1860","Ste Genevieve",3148
"G2901870","1840","Missouri","290","St Francois","1870","St Francois",3211
"G2901890","1840","Missouri","290","St Louis","1890","St Louis",35979
"G2901950","1840","Missouri","290","Saline","1950","Saline",5258
"G2902010","1840","Missouri","290","Scott","2010","Scott",5974
"G2902050","1840","Missouri","290","Shelby","2050","Shelby",3056
"G2902070","1840","Missouri","290","Stoddard","2070","Stoddard",3153
"G2902130","1840","Missouri","290","Taney","2130","Taney",3264
"G2902155","1840","Missouri","290","Van Buren","2155","Van Buren",4693
"G2902190","1840","Missouri","290","Warren","2190","Warren",4253
"G2902210","1840","Missouri","290","Washington","2210","Washington",7213
"G2902230","1840","Missouri","290","Wayne","2230","Wayne",3403
"G3300050","1840","New Hampshire","330","Cheshire","0050","Cheshire",26429
"G3300070","1840","New Hampshire","330","Coos","0070","Coos",9849
"G3300090","1840","New Hampshire","330","Grafton","0090","Grafton",42311
"G3300110","1840","New Hampshire","330","Hillsborough","0110","Hillsborough",42494
"G3300130","1840","New Hampshire","330","Merrimack","0130","Merrimack",36253
"G3300150","1840","New Hampshire","330","Rockingham","0150","Rockingham",45771
"G3300170","1840","New Hampshire","330","Strafford","0170","Strafford",61127
"G3300190","1840","New Hampshire","330","Sullivan","0190","Sullivan",20340
"G3400010","1840","New Jersey","340","Atlantic","0010","Atlantic",8726
"G3400030","1840","New Jersey","340","Bergen","0030","Bergen",13223
"G3400050","1840","New Jersey","340","Burlington","0050","Burlington",32831
"G3400090","1840","New Jersey","340","Cape May","0090","Cape May",5324
"G3400110","1840","New Jersey","340","Cumberland","0110","Cumberland",14374
"G3400130","1840","New Jersey","340","Essex","0130","Essex",44621
"G3400150","1840","New Jersey","340","Gloucester","0150","Gloucester",25438
"G3400170","1840","New Jersey","340","Hudson","0170","Hudson",9483
"G3400190","1840","New Jersey","340","Hunterdon","0190","Hunterdon",24789
"G3400210","1840","New Jersey","340","Mercer","0210","Mercer",21502
"G3400230","1840","New Jersey","340","Middlesex","0230","Middlesex",21893
"G3400250","1840","New Jersey","340","Monmouth","0250","Monmouth",32909
"G3400270","1840","New Jersey","340","Morris","0270","Morris",25844
"G3400310","1840","New Jersey","340","Passaic","0310","Passaic",16734
"G3400330","1840","New Jersey","340","Salem","0330","Salem",16024
"G3400350","1840","New Jersey","340","Somerset","0350","Somerset",17455
"G3400370","1840","New Jersey","340","Sussex","0370","Sussex",21770
"G3400410","1840","New Jersey","340","Warren","0410","Warren",20366
"G3600010","1840","New York","360","Albany","0010","Albany",68593
"G3600030","1840","New York","360","Allegany","0030","Allegany",40975
"G3600070","1840","New York","360","Broome","0070","Broome",22338
"G3600090","1840","New York","360","Cattaraugus","0090","Cattaraugus",28872
"G3600110","1840","New York","360","Cayuga","0110","Cayuga",50338
"G3600130","1840","New York","360","Chautauqua","0130","Chautauqua",47975
"G3600150","1840","New York","360","Chemung","0150","Chemung",20732
"G3600170","1840","New York","360","Chenango","0170","Chenango",40785
"G3600190","1840","New York","360","Clinton","0190","Clinton",28157
"G3600210","1840","New York","360","Columbia","0210","Columbia",43252
"G3600230","1840","New York","360","Cortland","0230","Cortland",24607
"G3600250","1840","New York","360","Delaware","0250","Delaware",35396
"G3600270","1840","New York","360","Dutchess","0270","Dutchess",52398
"G3600290","1840","New York","360","Erie","0290","Erie",62465
"G3600310","1840","New York","360","Essex","0310","Essex",23634
"G3600330","1840","New York","360","Franklin","0330","Franklin",16518
"G3600350","1840","New York","360","Fulton","0350","Fulton",18049
"G3600370","1840","New York","360","Genesee","0370","Genesee",59587
"G3600390","1840","New York","360","Greene","0390","Greene",30446
"G3600410","1840","New York","360","Hamilton","0410","Hamilton",1907
"G3600430","1840","New York","360","Herkimer","0430","Herkimer",37477
"G3600450","1840","New York","360","Jefferson","0450","Jefferson",60984
"G3600470","1840","New York","360","Kings","0470","Kings",47613
"G3600490","1840","New York","360","Lewis","0490","Lewis",17830
"G3600510","1840","New York","360","Livingston","0510","Livingston",35140
"G3600530","1840","New York","360","Madison","0530","Madison",40008
"G3600550","1840","New York","360","Monroe","0550","Monroe",64902
"G3600570","1840","New York","360","Montgomery","0570","Montgomery",35818
"G3600610","1840","New York","360","New York","0610","New York",312710
"G3600630","1840","New York","360","Niagara","0630","Niagara",31132
"G3600650","1840","New York","360","Oneida","0650","Oneida",85310
"G3600670","1840","New York","360","Onondaga","0670","Onondaga",67911
"G3600690","1840","New York","360","Ontario","0690","Ontario",43501
"G3600710","1840","New York","360","Orange","0710","Orange",50739
"G3600730","1840","New York","360","Orleans","0730","Orleans",25127
"G3600750","1840","New York","360","Oswego","0750","Oswego",43619
"G3600770","1840","New York","360","Otsego","0770","Otsego",49628
"G3600790","1840","New York","360","Putnam","0790","Putnam",12825
"G3600810","1840","New York","360","Queens","0810","Queens",30324
"G3600830","1840","New York","360","Rensselaer","0830","Rensselaer",60259
"G3600850","1840","New York","360","Richmond","0850","Richmond",10965
"G3600870","1840","New York","360","Rockland","0870","Rockland",11975
"G3600890","1840","New York","360","St Lawrence","0890","St Lawrence",56706
"G3600910","1840","New York","360","Saratoga","0910","Saratoga",40553
"G3600930","1840","New York","360","Schenectady","0930","Schenectady",17387
"G3600950","1840","New York","360","Schoharie","0950","Schoharie",32358
"G3600990","1840","New York","360","Seneca","0990","Seneca",24874
"G3601010","1840","New York","360","Steuben","1010","Steuben",46138
"G3601030","1840","New York","360","Suffolk","1030","Suffolk",32469
"G3601050","1840","New York","360","Sullivan","1050","Sullivan",15629
"G3601070","1840","New York","360","Tioga","1070","Tioga",20527
"G3601090","1840","New York","360","Tompkins","1090","Tompkins",37948
"G3601110","1840","New York","360","Ulster","1110","Ulster",45822
"G3601130","1840","New York","360","Warren","1130","Warren",13422
"G3601150","1840","New York","360","Washington","1150","Washington",41080
"G3601170","1840","New York","360","Wayne","1170","Wayne",42057
"G3601190","1840","New York","360","Westchester","1190","Westchester",48686
"G3601230","1840","New York","360","Yates","1230","Yates",20444
"G3700070","1840","North Carolina","370","Anson","0070","Anson",15077
"G3700090","1840","North Carolina","370","Ashe","0090","Ashe",7467
"G3700130","1840","North Carolina","370","Beaufort","0130","Beaufort",12225
"G3700150","1840","North Carolina","370","Bertie","0150","Bertie",12175
"G3700170","1840","North Carolina","370","Bladen","0170","Bladen",8022
"G3700190","1840","North Carolina","370","Brunswick","0190","Brunswick",5265
"G3700210","1840","North Carolina","370","Buncombe","0210","Buncombe",10084
"G3700230","1840","North Carolina","370","Burke","0230","Burke",15799
"G3700250","1840","North Carolina","370","Cabarrus","0250","Cabarrus",9259
"G3700290","1840","North Carolina","370","Camden","0290","Camden",5663
"G3700310","1840","North Carolina","370","Carteret","0310","Carteret",6591
"G3700330","1840","North Carolina","370","Caswell","0330","Caswell",14693
"G3700370","1840","North Carolina","370","Chatham","0370","Chatham",16242
"G3700390","1840","North Carolina","370","Cherokee","0390","Cherokee",3427
"G3700410","1840","North Carolina","370","Chowan","0410","Chowan",6690
"G3700470","1840","North Carolina","370","Columbus","0470","Columbus",3941
"G3700490","1840","North Carolina","370","Craven","0490","Craven",13438
"G3700510","1840","North Carolina","370","Cumberland","0510","Cumberland",15284
"G3700530","1840","North Carolina","370","Currituck","0530","Currituck",6703
"G3700570","1840","North Carolina","370","Davidson","0570","Davidson",14606
"G3700590","1840","North Carolina","370","Davie","0590","Davie",7574
"G3700610","1840","North Carolina","370","Duplin","0610","Duplin",11182
"G3700650","1840","North Carolina","370","Edgecombe","0650","Edgecombe",15708
"G3700690","1840","North Carolina","370","Franklin","0690","Franklin",10980
"G3700730","1840","North Carolina","370","Gates","0730","Gates",8161
"G3700770","1840","North Carolina","370","Granville","0770","Granville",18817
"G3700790","1840","North Carolina","370","Greene","0790","Greene",6595
"G3700810","1840","North Carolina","370","Guilford","0810","Guilford",19175
"G3700830","1840","North Carolina","370","Halifax","0830","Halifax",16865
"G3700870","1840","North Carolina","370","Haywood","0870","Haywood",4975
"G3700890","1840","North Carolina","370","Henderson","0890","Henderson",5129
"G3700910","1840","North Carolina","370","Hertford","0910","Hertford",7484
"G3700950","1840","North Carolina","370","Hyde","0950","Hyde",6458
"G3700970","1840","North Carolina","370","Iredell","0970","Iredell",15685
"G3701010","1840","North Carolina","370","Johnston","1010","Johnston",10599
"G3701030","1840","North Carolina","370","Jones","1030","Jones",4945
"G3701070","1840","North Carolina","370","Lenoir","1070","Lenoir",7605
"G3701090","1840","North Carolina","370","Lincoln","1090","Lincoln",25160
"G3701130","1840","North Carolina","370","Macon","1130","Macon",4869
"G3701170","1840","North Carolina","370","Martin","1170","Martin",7637
"G3701190","1840","North Carolina","370","Mecklenburg","1190","Mecklenburg",18273
"G3701230","1840","North Carolina","370","Montgomery","1230","Montgomery",10780
"G3701250","1840","North Carolina","370","Moore","1250","Moore",7988
"G3701270","1840","North Carolina","370","Nash","1270","Nash",9047
"G3701290","1840","North Carolina","370","New Hanover","1290","New Hanover",13312
"G3701310","1840","North Carolina","370","Northampton","1310","Northampton",13369
"G3701330","1840","North Carolina","370","Onslow","1330","Onslow",7527
"G3701350","1840","North Carolina","370","Orange","1350","Orange",24356
"G3701390","1840","North Carolina","370","Pasquotank","1390","Pasquotank",8514
"G3701430","1840","North Carolina","370","Perquimans","1430","Perquimans",7346
"G3701450","1840","North Carolina","370","Person","1450","Person",9790
"G3701470","1840","North Carolina","370","Pitt","1470","Pitt",11806
"G3701510","1840","North Carolina","370","Randolph","1510","Randolph",12875
"G3701530","1840","North Carolina","370","Richmond","1530","Richmond",8909
"G3701550","1840","North Carolina","370","Robeson","1550","Robeson",10370
"G3701570","1840","North Carolina","370","Rockingham","1570","Rockingham",13442
"G3701590","1840","North Carolina","370","Rowan","1590","Rowan",12109
"G3701610","1840","North Carolina","370","Rutherford","1610","Rutherford",19202
"G3701630","1840","North Carolina","370","Sampson","1630","Sampson",12157
"G3701690","1840","North Carolina","370","Stokes","1690","Stokes",16265
"G3701710","1840","North Carolina","370","Surry","1710","Surry",15079
"G3701770","1840","North Carolina","370","Tyrrell","1770","Tyrrell",4657
"G3701830","1840","North Carolina","370","Wake","1830","Wake",21118
"G3701850","1840","North Carolina","370","Warren","1850","Warren",12919
"G3701870","1840","North Carolina","370","Washington","1870","Washington",4525
"G3701910","1840","North Carolina","370","Wayne","1910","Wayne",10891
"G3701930","1840","North Carolina","370","Wilkes","1930","Wilkes",12577
"G3701990","1840","North Carolina","370","Yancey","1990","Yancey",5962
"G3900010","1840","Ohio","390","Adams","0010","Adams",13183
"G3900030","1840","Ohio","390","Allen","0030","Allen",9079
"G3900070","1840","Ohio","390","Ashtabula","0070","Ashtabula",23724
"G3900090","1840","Ohio","390","Athens","0090","Athens",19109
"G3900130","1840","Ohio","390","Belmont","0130","Belmont",30901
"G3900150","1840","Ohio","390","Brown","0150","Brown",22715
"G3900170","1840","Ohio","390","Butler","0170","Butler",28173
"G3900190","1840","Ohio","390","Carroll","0190","Carroll",18108
"G3900210","1840","Ohio","390","Champaign","0210","Champaign",16721
"G3900230","1840","Ohio","390","Clark","0230","Clark",16882
"G3900250","1840","Ohio","390","Clermont","0250","Clermont",23106
"G3900270","1840","Ohio","390","Clinton","0270","Clinton",15719
"G3900290","1840","Ohio","390","Columbiana","0290","Columbiana",40378
"G3900310","1840","Ohio","390","Coshocton","0310","Coshocton",21590
"G3900330","1840","Ohio","390","Crawford","0330","Crawford",13152
"G3900350","1840","Ohio","390","Cuyahoga","0350","Cuyahoga",26506
"G3900370","1840","Ohio","390","Darke","0370","Darke",13282
"G3900410","1840","Ohio","390","Delaware","0410","Delaware",22060
"G3900430","1840","Ohio","390","Erie","0430","Erie",12599
"G3900450","1840","Ohio","390","Fairfield","0450","Fairfield",31924
"G3900470","1840","Ohio","390","Fayette","0470","Fayette",10984
"G3900490","1840","Ohio","390","Franklin","0490","Franklin",25049
"G3900530","1840","Ohio","390","Gallia","0530","Gallia",13444
"G3900550","1840","Ohio","390","Geauga","0550","Geauga",16297
"G3900570","1840","Ohio","390","Greene","0570","Greene",17528
"G3900590","1840","Ohio","390","Guernsey","0590","Guernsey",27748
"G3900610","1840","Ohio","390","Hamilton","0610","Hamilton",80145
"G3900630","1840","Ohio","390","Hancock","0630","Hancock",9986
"G3900650","1840","Ohio","390","Hardin","0650","Hardin",4598
"G3900670","1840","Ohio","390","Harrison","0670","Harrison",20099
"G3900690","1840","Ohio","390","Henry","0690","Henry",2503
"G3900710","1840","Ohio","390","Highland","0710","Highland",22269
"G3900730","1840","Ohio","390","Hocking","0730","Hocking",9741
"G3900750","1840","Ohio","390","Holmes","0750","Holmes",18088
"G3900770","1840","Ohio","390","Huron","0770","Huron",23933
"G3900790","1840","Ohio","390","Jackson","0790","Jackson",9744
"G3900810","1840","Ohio","390","Jefferson","0810","Jefferson",25030
"G3900830","1840","Ohio","390","Knox","0830","Knox",29579
"G3900850","1840","Ohio","390","Lake","0850","Lake",13719
"G3900870","1840","Ohio","390","Lawrence","0870","Lawrence",9738
"G3900890","1840","Ohio","390","Licking","0890","Licking",35096
"G3900910","1840","Ohio","390","Logan","0910","Logan",14015
"G3900930","1840","Ohio","390","Lorain","0930","Lorain",18467
"G3900950","1840","Ohio","390","Lucas","0950","Lucas",9382
"G3900970","1840","Ohio","390","Madison","0970","Madison",9025
"G3901010","1840","Ohio","390","Marion","1010","Marion",14765
"G3901030","1840","Ohio","390","Medina","1030","Medina",18352
"G3901050","1840","Ohio","390","Meigs","1050","Meigs",11452
"G3901070","1840","Ohio","390","Mercer","1070","Mercer",8277
"G3901090","1840","Ohio","390","Miami","1090","Miami",19688
"G3901110","1840","Ohio","390","Monroe","1110","Monroe",18521
"G3901130","1840","Ohio","390","Montgomery","1130","Montgomery",31938
"G3901150","1840","Ohio","390","Morgan","1150","Morgan",20852
"G3901190","1840","Ohio","390","Muskingum","1190","Muskingum",38749
"G3901230","1840","Ohio","390","Ottawa","1230","Ottawa",2248
"G3901250","1840","Ohio","390","Paulding","1250","Paulding",1034
"G3901270","1840","Ohio","390","Perry","1270","Perry",19344
"G3901290","1840","Ohio","390","Pickaway","1290","Pickaway",19725
"G3901310","1840","Ohio","390","Pike","1310","Pike",7626
"G3901330","1840","Ohio","390","Portage","1330","Portage",22965
"G3901350","1840","Ohio","390","Preble","1350","Preble",19482
"G3901370","1840","Ohio","390","Putnam","1370","Putnam",5189
"G3901390","1840","Ohio","390","Richland","1390","Richland",44532
"G3901410","1840","Ohio","390","Ross","1410","Ross",27460
"G3901430","1840","Ohio","390","Sandusky","1430","Sandusky",10182
"G3901450","1840","Ohio","390","Scioto","1450","Scioto",11192
"G3901470","1840","Ohio","390","Seneca","1470","Seneca",18128
"G3901490","1840","Ohio","390","Shelby","1490","Shelby",12154
"G3901510","1840","Ohio","390","Stark","1510","Stark",34603
"G3901530","1840","Ohio","390","Summit","1530","Summit",22560
"G3901550","1840","Ohio","390","Trumbull","1550","Trumbull",38107
"G3901570","1840","Ohio","390","Tuscarawas","1570","Tuscarawas",25631
"G3901590","1840","Ohio","390","Union","1590","Union",8422
"G3901610","1840","Ohio","390","Van Wert","1610","Van Wert",1577
"G3901650","1840","Ohio","390","Warren","1650","Warren",23141
"G3901670","1840","Ohio","390","Washington","1670","Washington",20823
"G3901690","1840","Ohio","390","Wayne","1690","Wayne",35808
"G3901710","1840","Ohio","390","Williams","1710","Williams",4465
"G3901730","1840","Ohio","390","Wood","1730","Wood",5357
"G4200010","1840","Pennsylvania","420","Adams","0010","Adams",23044
"G4200030","1840","Pennsylvania","420","Allegheny","0030","Allegheny",81235
"G4200050","1840","Pennsylvania","420","Armstrong","0050","Armstrong",28365
"G4200070","1840","Pennsylvania","420","Beaver","0070","Beaver",29368
"G4200090","1840","Pennsylvania","420","Bedford","0090","Bedford",29335
"G4200110","1840","Pennsylvania","420","Berks","0110","Berks",64569
"G4200150","1840","Pennsylvania","420","Bradford","0150","Bradford",32769
"G4200170","1840","Pennsylvania","420","Bucks","0170","Bucks",48107
"G4200190","1840","Pennsylvania","420","Butler","0190","Butler",22378
"G4200210","1840","Pennsylvania","420","Cambria","0210","Cambria",11256
"G4200270","1840","Pennsylvania","420","Centre","0270","Centre",20492
"G4200290","1840","Pennsylvania","420","Chester","0290","Chester",57515
"G4200330","1840","Pennsylvania","420","Clearfield","0330","Clearfield",7834
"G4200350","1840","Pennsylvania","420","Clinton","0350","Clinton",8323
"G4200370","1840","Pennsylvania","420","Columbia","0370","Columbia",24267
"G4200390","1840","Pennsylvania","420","Crawford","0390","Crawford",31724
"G4200410","1840","Pennsylvania","420","Cumberland","0410","Cumberland",30953
"G4200430","1840","Pennsylvania","420","Dauphin","0430","Dauphin",30118
"G4200450","1840","Pennsylvania","420","Delaware","0450","Delaware",19791
"G4200490","1840","Pennsylvania","420","Erie","0490","Erie",31344
"G4200510","1840","Pennsylvania","420","Fayette","0510","Fayette",33574
"G4200550","1840","Pennsylvania","420","Franklin","0550","Franklin",37793
"G4200590","1840","Pennsylvania","420","Greene","0590","Greene",19147
"G4200610","1840","Pennsylvania","420","Huntingdon","0610","Huntingdon",35484
"G4200630","1840","Pennsylvania","420","Indiana","0630","Indiana",20782
"G4200650","1840","Pennsylvania","420","Jefferson","0650","Jefferson",7253
"G4200670","1840","Pennsylvania","420","Juniata","0670","Juniata",11080
"G4200710","1840","Pennsylvania","420","Lancaster","0710","Lancaster",84203
"G4200750","1840","Pennsylvania","420","Lebanon","0750","Lebanon",21872
"G4200770","1840","Pennsylvania","420","Lehigh","0770","Lehigh",25787
"G4200790","1840","Pennsylvania","420","Luzerne","0790","Luzerne",44006
"G4200810","1840","Pennsylvania","420","Lycoming","0810","Lycoming",22649
"G4200830","1840","Pennsylvania","420","McKean","0830","Mckean",2975
"G4200850","1840","Pennsylvania","420","Mercer","0850","Mercer",32873
"G4200870","1840","Pennsylvania","420","Mifflin","0870","Mifflin",13092
"G4200890","1840","Pennsylvania","420","Monroe","0890","Monroe",9879
"G4200910","1840","Pennsylvania","420","Montgomery","0910","Montgomery",47241
"G4200950","1840","Pennsylvania","420","Northampton","0950","Northampton",40996
"G4200970","1840","Pennsylvania","420","Northumberland","0970","Northumberland",20027
"G4200990","1840","Pennsylvania","420","Perry","0990","Perry",17096
"G4201010","1840","Pennsylvania","420","Philadelphia","1010","Philadelphia",258037
"G4201030","1840","Pennsylvania","420","Pike","1030","Pike",3832
"G4201050","1840","Pennsylvania","420","Potter","1050","Potter",3371
"G4201070","1840","Pennsylvania","420","Schuylkill","1070","Schuylkill",29053
"G4201110","1840","Pennsylvania","420","Somerset","1110","Somerset",19650
"G4201150","1840","Pennsylvania","420","Susquehanna","1150","Susquehanna",21195
"G4201170","1840","Pennsylvania","420","Tioga","1170","Tioga",15498
"G4201190","1840","Pennsylvania","420","Union","1190","Union",22787
"G4201210","1840","Pennsylvania","420","Venango","1210","Venango",17900
"G4201230","1840","Pennsylvania","420","Warren","1230","Warren",9278
"G4201250","1840","Pennsylvania","420","Washington","1250","Washington",41279
"G4201270","1840","Pennsylvania","420","Wayne","1270","Wayne",11848
"G4201290","1840","Pennsylvania","420","Westmoreland","1290","Westmoreland",42699
"G4201330","1840","Pennsylvania","420","York","1330","York",47010
"G4400010","1840","Rhode Island","440","Bristol","0010","Bristol",6476
"G4400030","1840","Rhode Island","440","Kent","0030","Kent",13083
"G4400050","1840","Rhode Island","440","Newport","0050","Newport",16874
"G4400070","1840","Rhode Island","440","Providence","0070","Providence",58073
"G4400090","1840","Rhode Island","440","Washington","0090","Washington",14324
"G4500010","1840","South Carolina","450","Abbeville","0010","Abbeville",29351
"G4500070","1840","South Carolina","450","Anderson","0070","Anderson",18493
"G4500110","1840","South Carolina","450","Barnwell","0110","Barnwell",21471
"G4500130","1840","South Carolina","450","Beaufort","0130","Beaufort",35794
"G4500190","1840","South Carolina","450","Charleston","0190","Charleston",82661
"G4500230","1840","South Carolina","450","Chester","0230","Chester",17747
"G4500250","1840","South Carolina","450","Chesterfield","0250","Chesterfield",8574
"G4500290","1840","South Carolina","450","Colleton","0290","Colleton",25548
"G4500310","1840","South Carolina","450","Darlington","0310","Darlington",14822
"G4500370","1840","South Carolina","450","Edgefield","0370","Edgefield",32852
"G4500390","1840","South Carolina","450","Fairfield","0390","Fairfield",20165
"G4500430","1840","South Carolina","450","Georgetown","0430","Georgetown",18274
"G4500450","1840","South Carolina","450","Greenville","0450","Greenville",17839
"G4500510","1840","South Carolina","450","Horry","0510","Horry",5755
"G4500550","1840","South Carolina","450","Kershaw","0550","Kershaw",12281
"G4500570","1840","South Carolina","450","Lancaster","0570","Lancaster",9907
"G4500590","1840","South Carolina","450","Laurens","0590","Laurens",21584
"G4500630","1840","South Carolina","450","Lexington","0630","Lexington",12111
"G4500670","1840","South Carolina","450","Marion","0670","Marion",13932
"G4500690","1840","South Carolina","450","Marlboro","0690","Marlboro",8408
"G4500710","1840","South Carolina","450","Newberry","0710","Newberry",18350
"G4500750","1840","South Carolina","450","Orangeburg","0750","Orangeburg",18519
"G4500770","1840","South Carolina","450","Pickens","0770","Pickens",14356
"G4500790","1840","South Carolina","450","Richland","0790","Richland",16397
"G4500830","1840","South Carolina","450","Spartanburg","0830","Spartanburg",23669
"G4500850","1840","South Carolina","450","Sumter","0850","Sumter",27892
"G4500870","1840","South Carolina","450","Union","0870","Union",18936
"G4500890","1840","South Carolina","450","Williamsburg","0890","Williamsburg",10327
"G4500910","1840","South Carolina","450","York","0910","York",18383
"G4700010","1840","Tennessee","470","Anderson","0010","Anderson",5658
"G4700030","1840","Tennessee","470","Bedford","0030","Bedford",20546
"G4700050","1840","Tennessee","470","Benton","0050","Benton",4772
"G4700070","1840","Tennessee","470","Bledsoe","0070","Bledsoe",5676
"G4700090","1840","Tennessee","470","Blount","0090","Blount",11745
"G4700110","1840","Tennessee","470","Bradley","0110","Bradley",7385
"G4700130","1840","Tennessee","470","Campbell","0130","Campbell",6149
"G4700150","1840","Tennessee","470","Cannon","0150","Cannon",7193
"G4700170","1840","Tennessee","470","Carroll","0170","Carroll",12362
"G4700190","1840","Tennessee","470","Carter","0190","Carter",5372
"G4700250","1840","Tennessee","470","Claiborne","0250","Claiborne",9474
"G4700290","1840","Tennessee","470","Cocke","0290","Cocke",6992
"G4700310","1840","Tennessee","470","Coffee","0310","Coffee",8184
"G4700370","1840","Tennessee","470","Davidson","0370","Davidson",30509
"G4700410","1840","Tennessee","470","DeKalb","0410","De Kalb",5868
"G4700430","1840","Tennessee","470","Dickson","0430","Dickson",7074
"G4700450","1840","Tennessee","470","Dyer","0450","Dyer",4484
"G4700470","1840","Tennessee","470","Fayette","0470","Fayette",21501
"G4700490","1840","Tennessee","470","Fentress","0490","Fentress",3550
"G4700510","1840","Tennessee","470","Franklin","0510","Franklin",12033
"G4700530","1840","Tennessee","470","Gibson","0530","Gibson",13689
"G4700550","1840","Tennessee","470","Giles","0550","Giles",21494
"G4700570","1840","Tennessee","470","Grainger","0570","Grainger",10572
"G4700590","1840","Tennessee","470","Greene","0590","Greene",16076
"G4700650","1840","Tennessee","470","Hamilton","0650","Hamilton",8175
"G4700690","1840","Tennessee","470","Hardeman","0690","Hardeman",14563
"G4700710","1840","Tennessee","470","Hardin","0710","Hardin",8245
"G4700730","1840","Tennessee","470","Hawkins","0730","Hawkins",15035
"G4700750","1840","Tennessee","470","Haywood","0750","Haywood",13870
"G4700770","1840","Tennessee","470","Henderson","0770","Henderson",11875
"G4700790","1840","Tennessee","470","Henry","0790","Henry",14906
"G4700810","1840","Tennessee","470","Hickman","0810","Hickman",8618
"G4700850","1840","Tennessee","470","Humphreys","0850","Humphreys",5195
"G4700870","1840","Tennessee","470","Jackson","0870","Jackson",12872
"G4700890","1840","Tennessee","470","Jefferson","0890","Jefferson",12076
"G4700910","1840","Tennessee","470","Johnson","0910","Johnson",2658
"G4700930","1840","Tennessee","470","Knox","0930","Knox",15485
"G4700970","1840","Tennessee","470","Lauderdale","0970","Lauderdale",3435
"G4700990","1840","Tennessee","470","Lawrence","0990","Lawrence",7121
"G4701030","1840","Tennessee","470","Lincoln","1030","Lincoln",21493
"G4701070","1840","Tennessee","470","McMinn","1070","Mcminn",12719
"G4701090","1840","Tennessee","470","McNairy","1090","Mcnairy",9385
"G4701130","1840","Tennessee","470","Madison","1130","Madison",16530
"G4701150","1840","Tennessee","470","Marion","1150","Marion",6070
"G4701170","1840","Tennessee","470","Marshall","1170","Marshall",14555
"G4701190","1840","Tennessee","470","Maury","1190","Maury",28186
"G4701210","1840","Tennessee","470","Meigs","1210","Meigs",4794
"G4701230","1840","Tennessee","470","Monroe","1230","Monroe",12056
"G4701250","1840","Tennessee","470","Montgomery","1250","Montgomery",16927
"G4701290","1840","Tennessee","470","Morgan","1290","Morgan",2660
"G4701310","1840","Tennessee","470","Obion","1310","Obion",4814
"G4701330","1840","Tennessee","470","Overton","1330","Overton",9279
"G4701350","1840","Tennessee","470","Perry","1350","Perry",7419
"G4701390","1840","Tennessee","470","Polk","1390","Polk",3570
"G4701430","1840","Tennessee","470","Rhea","1430","Rhea",3985
"G4701450","1840","Tennessee","470","Roane","1450","Roane",10948
"G4701470","1840","Tennessee","470","Robertson","1470","Robertson",13801
"G4701490","1840","Tennessee","470","Rutherford","1490","Rutherford",24280
"G4701550","1840","Tennessee","470","Sevier","1550","Sevier",6442
"G4701570","1840","Tennessee","470","Shelby","1570","Shelby",14721
"G4701590","1840","Tennessee","470","Smith","1590","Smith",21179
"G4701610","1840","Tennessee","470","Stewart","1610","Stewart",8587
"G4701630","1840","Tennessee","470","Sullivan","1630","Sullivan",10736
"G4701650","1840","Tennessee","470","Sumner","1650","Sumner",22445
"G4701670","1840","Tennessee","470","Tipton","1670","Tipton",6800
"G4701770","1840","Tennessee","470","Warren","1770","Warren",10803
"G4701790","1840","Tennessee","470","Washington","1790","Washington",11751
"G4701810","1840","Tennessee","470","Wayne","1810","Wayne",7705
"G4701830","1840","Tennessee","470","Weakley","1830","Weakley",9870
"G4701850","1840","Tennessee","470","White","1850","White",10747
"G4701870","1840","Tennessee","470","Williamson","1870","Williamson",27006
"G4701890","1840","Tennessee","470","Wilson","1890","Wilson",24460
"G5000010","1840","Vermont","500","Addison","0010","Addison",23583
"G5000030","1840","Vermont","500","Bennington","0030","Bennington",16872
"G5000050","1840","Vermont","500","Caledonia","0050","Caledonia",21891
"G5000070","1840","Vermont","500","Chittenden","0070","Chittenden",22977
"G5000090","1840","Vermont","500","Essex","0090","Essex",4226
"G5000110","1840","Vermont","500","Franklin","0110","Franklin",24531
"G5000130","1840","Vermont","500","Grand Isle","0130","Grand Isle",3883
"G5000150","1840","Vermont","500","Lamoille","0150","Lamoille",10475
"G5000170","1840","Vermont","500","Orange","0170","Orange",27873
"G5000190","1840","Vermont","500","Orleans","0190","Orleans",13634
"G5000210","1840","Vermont","500","Rutland","0210","Rutland",30699
"G5000230","1840","Vermont","500","Washington","0230","Washington",23506
"G5000250","1840","Vermont","500","Windham","0250","Windham",27442
"G5000270","1840","Vermont","500","Windsor","0270","Windsor",40356
"G5100010","1840","Virginia","510","Accomack","0010","Accomack",17096
"G5100030","1840","Virginia","510","Albemarle","0030","Albemarle",22924
"G5100050","1840","Virginia","510","Alleghany","0050","Alleghany",2749
"G5100070","1840","Virginia","510","Amelia","0070","Amelia",10320
"G5100090","1840","Virginia","510","Amherst","0090","Amherst",12576
"G5100150","1840","Virginia","510","Augusta","0150","Augusta",19628
"G5100170","1840","Virginia","510","Bath","0170","Bath",4300
"G5100190","1840","Virginia","510","Bedford","0190","Bedford",20203
"G5100195","1840","Virginia","510","Berkeley","0195","Berkeley",10972
"G5100230","1840","Virginia","510","Botetourt","0230","Botetourt",11679
"G5100233","1840","Virginia","510","Braxton","0233","Braxton",2575
"G5100237","1840","Virginia","510","Brooke","0237","Brooke",7948
"G5100250","1840","Virginia","510","Brunswick","0250","Brunswick",14346
"G5100290","1840","Virginia","510","Buckingham","0290","Buckingham",18786
"G5100293","1840","Virginia","510","Cabell","0293","Cabell",8163
"G5100310","1840","Virginia","510","Campbell","0310","Campbell",21030
"G5100330","1840","Virginia","510","Caroline","0330","Caroline",17813
"G5100360","1840","Virginia","510","Charles City","0360","Charles City",4774
"G5100370","1840","Virginia","510","Charlotte","0370","Charlotte",14595
"G5100410","1840","Virginia","510","Chesterfield","0410","Chesterfield",17148
"G5100430","1840","Virginia","510","Clarke","0430","Clarke",6353
"G5100470","1840","Virginia","510","Culpeper","0470","Culpeper",11393
"G5100490","1840","Virginia","510","Cumberland","0490","Cumberland",10399
"G5100530","1840","Virginia","510","Dinwiddie","0530","Dinwiddie",22558
"G5100550","1840","Virginia","510","Elizabeth City","0550","Elizabeth City",3706
"G5100570","1840","Virginia","510","Essex","0570","Essex",11309
"G5100590","1840","Virginia","510","Fairfax","0590","Fairfax",9370
"G5100610","1840","Virginia","510","Fauquier","0610","Fauquier",21897
"G5100615","1840","Virginia","510","Fayette","0615","Fayette",3924
"G5100630","1840","Virginia","510","Floyd","0630","Floyd",4453
"G5100650","1840","Virginia","510","Fluvanna","0650","Fluvanna",8812
"G5100670","1840","Virginia","510","Franklin","0670","Franklin",15832
"G5100690","1840","Virginia","510","Frederick","0690","Frederick",14242
"G5100710","1840","Virginia","510","Giles","0710","Giles",5307
"G5100730","1840","Virginia","510","Gloucester","0730","Gloucester",10715
"G5100750","1840","Virginia","510","Goochland","0750","Goochland",9760
"G5100770","1840","Virginia","510","Grayson","0770","Grayson",9087
"G5100775","1840","Virginia","510","Greenbrier","0775","Greenbrier",8695
"G5100790","1840","Virginia","510","Greene","0790","Greene",4232
"G5100810","1840","Virginia","510","Greensville","0810","Greensville",6366
"G5100830","1840","Virginia","510","Halifax","0830","Halifax",25936
"G5100833","1840","Virginia","510","Hampshire","0833","Hampshire",12295
"G5100850","1840","Virginia","510","Hanover","0850","Hanover",14968
"G5100853","1840","Virginia","510","Hardy","0853","Hardy",7622
"G5100857","1840","Virginia","510","Harrison","0857","Harrison",17669
"G5100870","1840","Virginia","510","Henrico","0870","Henrico",33076
"G5100890","1840","Virginia","510","Henry","0890","Henry",7335
"G5100930","1840","Virginia","510","Isle Of Wight","0930","Isle Of Wight",9972
"G5100935","1840","Virginia","510","Jackson","0935","Jackson",4890
"G5100950","1840","Virginia","510","James City","0950","James City",3779
"G5100953","1840","Virginia","510","Jefferson","0953","Jefferson",14082
"G5100957","1840","Virginia","510","Kanawha","0957","Kanawha",13567
"G5100970","1840","Virginia","510","King And Queen","0970","King And Queen",10862
"G5100990","1840","Virginia","510","King George","0990","King George",5927
"G5101010","1840","Virginia","510","King William","1010","King William",9258
"G5101030","1840","Virginia","510","Lancaster","1030","Lancaster",4628
"G5101050","1840","Virginia","510","Lee","1050","Lee",8441
"G5101053","1840","Virginia","510","Lewis","1053","Lewis",8151
"G5101057","1840","Virginia","510","Logan","1057","Logan",4309
"G5101070","1840","Virginia","510","Loudoun","1070","Loudoun",20431
"G5101090","1840","Virginia","510","Louisa","1090","Louisa",15433
"G5101110","1840","Virginia","510","Lunenburg","1110","Lunenburg",11055
"G5101130","1840","Virginia","510","Madison","1130","Madison",8107
"G5101135","1840","Virginia","510","Marshall","1135","Marshall",6937
"G5101137","1840","Virginia","510","Mason","1137","Mason",6777
"G5101150","1840","Virginia","510","Mathews","1150","Matthews",7442
"G5101170","1840","Virginia","510","Mecklenburg","1170","Mecklenburg",20724
"G5101175","1840","Virginia","510","Mercer","1175","Mercer",2233
"G5101190","1840","Virginia","510","Middlesex","1190","Middlesex",4392
"G5101193","1840","Virginia","510","Monongalia","1193","Monongalia",17368
"G5101197","1840","Virginia","510","Monroe","1197","Monroe",8422
"G5101210","1840","Virginia","510","Montgomery","1210","Montgomery",7405
"G5101215","1840","Virginia","510","Morgan","1215","Morgan",4253
"G5101230","1840","Virginia","510","Nansemond","1230","Nansemond",10795
"G5101250","1840","Virginia","510","Nelson","1250","Nelson",12287
"G5101270","1840","Virginia","510","New Kent","1270","New Kent",6230
"G5101275","1840","Virginia","510","Nicholas","1275","Nicholas",2515
"G5101290","1840","Virginia","510","Norfolk","1290","Norfolk",27569
"G5101310","1840","Virginia","510","Northampton","1310","Northampton",7715
"G5101330","1840","Virginia","510","Northumberland","1330","Northumberland",7924
"G5101350","1840","Virginia","510","Nottoway","1350","Nottoway",9719
"G5101355","1840","Virginia","510","Ohio","1355","Ohio",13357
"G5101370","1840","Virginia","510","Orange","1370","Orange",9125
"G5101390","1840","Virginia","510","Page","1390","Page",6194
"G5101410","1840","Virginia","510","Patrick","1410","Patrick",8032
"G5101415","1840","Virginia","510","Pendleton","1415","Pendleton",6940
"G5101430","1840","Virginia","510","Pittsylvania","1430","Pittsylvania",26398
"G5101437","1840","Virginia","510","Pocahontas","1437","Pocahontas",2922
"G5101450","1840","Virginia","510","Powhatan","1450","Powhatan",7924
"G5101455","1840","Virginia","510","Preston","1455","Preston",6866
"G5101470","1840","Virginia","510","Prince Edward","1470","Prince Edward",14069
"G5101490","1840","Virginia","510","Prince George","1490","Prince George",7175
"G5101510","1840","Virginia","510","Princess Anne","1510","Princess Anne",7285
"G5101530","1840","Virginia","510","Prince William","1530","Prince William",8144
"G5101550","1840","Virginia","510","Pulaski","1550","Pulaski",3739
"G5101557","1840","Virginia","510","Randolph","1557","Randolph",6208
"G5101570","1840","Virginia","510","Rappahannock","1570","Rappahannock",9257
"G5101590","1840","Virginia","510","Richmond","1590","Richmond",5965
"G5101610","1840","Virginia","510","Roanoke","1610","Roanoke",5499
"G5101630","1840","Virginia","510","Rockbridge","1630","Rockbridge",14284
"G5101650","1840","Virginia","510","Rockingham","1650","Rockingham",17344
"G5101670","1840","Virginia","510","Russell","1670","Russell",7878
"G5101690","1840","Virginia","510","Scott","1690","Scott",7303
"G5101710","1840","Virginia","510","Shenandoah","1710","Shenandoah",11618
"G5101730","1840","Virginia","510","Smyth","1730","Smyth",6522
"G5101750","1840","Virginia","510","Southampton","1750","Southampton",14525
"G5101770","1840","Virginia","510","Spotsylvania","1770","Spotsylvania",15161
"G5101790","1840","Virginia","510","Stafford","1790","Stafford",8454
"G5101810","1840","Virginia","510","Surry","1810","Surry",6480
"G5101830","1840","Virginia","510","Sussex","1830","Sussex",11229
"G5101850","1840","Virginia","510","Tazewell","1850","Tazewell",6290
"G5101855","1840","Virginia","510","Tyler","1855","Tyler",6954
"G5101870","1840","Virginia","510","Warren","1870","Warren",5627
"G5101890","1840","Virginia","510","Warwick","1890","Warwick",1456
"G5101910","1840","Virginia","510","Washington","1910","Washington",13001
"G5101930","1840","Virginia","510","Westmoreland","1930","Westmoreland",8019
"G5101953","1840","Virginia","510","Wood","1953","Wood",7923
"G5101970","1840","Virginia","510","Wythe","1970","Wythe",9375
"G5101990","1840","Virginia","510","York","1990","York",4720
"G5550015","1840","Wisconsin Territory","555","Brown","0015","Brown",2107
"G5550035","1840","Wisconsin Territory","555","Calumet","0035","Calumet",275
"G5550055","1840","Wisconsin Territory","555","Crawford","0055","Crawford",1502
"G5550075","1840","Wisconsin Territory","555","Dane","0075","Dane",314
"G5550095","1840","Wisconsin Territory","555","Dodge","0095","Dodge",67
"G5550115","1840","Wisconsin Territory","555","Fond du Lac","0115","Fond Du Lac",139
"G5550135","1840","Wisconsin Territory","555","Grant","0135","Grant",3926
"G5550155","1840","Wisconsin Territory","555","Green","0155","Green",933
"G5550175","1840","Wisconsin Territory","555","Iowa","0175","Iowa",3978
"G5550195","1840","Wisconsin Territory","555","Jefferson","0195","Jefferson",914
"G5550215","1840","Wisconsin Territory","555","Manitowoc","0215","Manitowoc",235
"G5550235","1840","Wisconsin Territory","555","Marquette","0235","Marquette",18
"G5550255","1840","Wisconsin Territory","555","Milwaukee","0255","Milwaukee",5605
"G5550275","1840","Wisconsin Territory","555","Portage","0275","Portage",1623
"G5550295","1840","Wisconsin Territory","555","Racine","0295","Racine",3475
"G5550315","1840","Wisconsin Territory","555","Rock","0315","Rock",1701
"G5550335","1840","Wisconsin Territory","555","Sauk","0335","Sauk",102
"G5550355","1840","Wisconsin Territory","555","Sheboygan","0355","Sheboygan",133
"G5550375","1840","Wisconsin Territory","555","St Croix","0375","St Croix",809
"G5550395","1840","Wisconsin Territory","555","Walworth","0395","Walworth",2611
"G5550415","1840","Wisconsin Territory","555","Washington","0415","Washington",343
"G5550435","1840","Wisconsin Territory","555","Winnebago","0435","Winnebago",135
