GISJOIN,YEAR,STATE,STATEA,COUNTY,COUNTYA,AREANAME,AAA001
"G0900010","1790","Connecticut","90","Fairfield","10","Fairfield",36290
"G0900030","1790","Connecticut","90","Hartford","30","Hartford",38149
"G0900050","1790","Connecticut","90","Litchfield","50","Litchfield",38635
"G0900070","1790","Connecticut","90","Middlesex","70","Middlesex",18828
"G0900090","1790","Connecticut","90","New Haven","90","New Haven",30703
"G0900110","1790","Connecticut","90","New London","110","New London",32918
"G0900130","1790","Connecticut","90","Tolland","130","Tolland",13251
"G0900150","1790","Connecticut","90","Windham","150","Windham",28881
"G1000010","1790","Delaware","100","Kent","10","Kent",18920
"G1000030","1790","Delaware","100","New Castle","30","New Castle",19688
"G1000050","1790","Delaware","100","Sussex","50","Sussex",20488
"G1300330","1790","Georgia","130","Burke","330","Burke",9467
"G1300390","1790","Georgia","130","Camden","390","Camden",305
"G1300510","1790","Georgia","130","Chatham","510","Chatham",10769
"G1301030","1790","Georgia","130","Effingham","1030","Effingham",2424
"G1301190","1790","Georgia","130","Franklin","1190","Franklin",1041
"G1301270","1790","Georgia","130","Glynn","1270","Glynn",413
"G1301330","1790","Georgia","130","Greene","1330","Greene",5405
"G1301790","1790","Georgia","130","Liberty","1790","Liberty",5355
"G1302450","1790","Georgia","130","Richmond","2450","Richmond",11317
"G1303030","1790","Georgia","130","Washington","3030","Washington",4552
"G1303170","1790","Georgia","130","Wilkes","3170","Wilkes",31500
"G2400010","1790","Maryland","240","Allegany","10","Allegany",4809
"G2400030","1790","Maryland","240","Anne Arundel","30","Anne Arundel",22598
"G2400050","1790","Maryland","240","Baltimore","50","Baltimore",25434
"G2400090","1790","Maryland","240","Calvert","90","Calvert",8652
"G2400110","1790","Maryland","240","Caroline","110","Caroline",9506
"G2400150","1790","Maryland","240","Cecil","150","Cecil",13625
"G2400170","1790","Maryland","240","Charles","170","Charles",20613
"G2400190","1790","Maryland","240","Dorchester","190","Dorchester",15875
"G2400210","1790","Maryland","240","Frederick","210","Frederick",30791
"G2400250","1790","Maryland","240","Harford","250","Harford",14976
"G2400290","1790","Maryland","240","Kent","290","Kent",12836
"G2400310","1790","Maryland","240","Montgomery","310","Montgomery",18003
"G2400330","1790","Maryland","240","Prince Georges","330","Prince Georges",21344
"G2400350","1790","Maryland","240","Queen Anne's","350","Queen Anne's",15463
"G2400370","1790","Maryland","240","St Mary's","370","St Mary's",15544
"G2400390","1790","Maryland","240","Somerset","390","Somerset",15610
"G2400410","1790","Maryland","240","Talbot","410","Talbot",13084
"G2400430","1790","Maryland","240","Washington","430","Washington",15822
"G2400470","1790","Maryland","240","Worcester","470","Worcester",11640
"G2405100","1790","Maryland","240","Baltimore City","5100","Baltimore City",13503
"G2500010","1790","Massachusetts","250","Barnstable","10","Barnstable",17342
"G2500030","1790","Massachusetts","250","Berkshire","30","Berkshire",30263
"G2500050","1790","Massachusetts","250","Bristol","50","Bristol",31696
"G2500055","1790","Massachusetts","250","Cumberland","55","Cumberland",25530
"G2500070","1790","Massachusetts","250","Dukes","70","Dukes",3255
"G2500090","1790","Massachusetts","250","Essex","90","Essex",57879
"G2500150","1790","Massachusetts","250","Hampshire","150","Hampshire",59656
"G2500153","1790","Massachusetts","250","Hancock","153","Hancock",9542
"G2500157","1790","Massachusetts","250","Lincoln","157","Lincoln",29733
"G2500170","1790","Massachusetts","250","Middlesex","170","Middlesex",42769
"G2500190","1790","Massachusetts","250","Nantucket","190","Nantucket",4555
"G2500230","1790","Massachusetts","250","Plymouth","230","Plymouth",29512
"G2500250","1790","Massachusetts","250","Suffolk","250","Suffolk",44865
"G2500255","1790","Massachusetts","250","Washington","255","Washington",2760
"G2500270","1790","Massachusetts","250","Worcester","270","Worcester",56764
"G2500275","1790","Massachusetts","250","York","275","York",29078
"G2509993","1790","Massachusetts","250","Massachusetts (ME part) [multi-county reporting area ]","9993","Massachusetts [ME part] - multi-county group",96643
"G2509997","1790","Massachusetts","250","Massachusetts (non-ME part) [multi-county reporting area]","9997","Massachusetts [non-ME part] - multi-county group",378556
"G3300050","1790","New Hampshire","330","Cheshire","50","Cheshire",28753
"G3300090","1790","New Hampshire","330","Grafton","90","Grafton",13468
"G3300110","1790","New Hampshire","330","Hillsborough","110","Hillsborough",32883
"G3300150","1790","New Hampshire","330","Rockingham","150","Rockingham",43184
"G3300170","1790","New Hampshire","330","Strafford","170","Strafford",23611
"G3400030","1790","New Jersey","340","Bergen","30","Bergen",12601
"G3400050","1790","New Jersey","340","Burlington","50","Burlington",18095
"G3400090","1790","New Jersey","340","Cape May","90","Cape May",2571
"G3400110","1790","New Jersey","340","Cumberland","110","Cumberland",8248
"G3400130","1790","New Jersey","340","Essex","130","Essex",17785
"G3400150","1790","New Jersey","340","Gloucester","150","Gloucester",13363
"G3400190","1790","New Jersey","340","Hunterdon","190","Hunterdon",20153
"G3400230","1790","New Jersey","340","Middlesex","230","Middlesex",15956
"G3400250","1790","New Jersey","340","Monmouth","250","Monmouth",16918
"G3400270","1790","New Jersey","340","Morris","270","Morris",16216
"G3400330","1790","New Jersey","340","Salem","330","Salem",10437
"G3400350","1790","New Jersey","340","Somerset","350","Somerset",12296
"G3400370","1790","New Jersey","340","Sussex","370","Sussex",19500
"G3600010","1790","New York","360","Albany","10","Albany",75980
"G3600190","1790","New York","360","Clinton","190","Clinton",1615
"G3600210","1790","New York","360","Columbia","210","Columbia",27496
"G3600270","1790","New York","360","Dutchess","270","Dutchess",45276
"G3600470","1790","New York","360","Kings","470","Kings",4549
"G3600570","1790","New York","360","Montgomery","570","Montgomery",28852
"G3600610","1790","New York","360","New York","610","New York",33111
"G3600690","1790","New York","360","Ontario","690","Ontario",1074
"G3600710","1790","New York","360","Orange","710","Orange",18477
"G3600810","1790","New York","360","Queens","810","Queens",16013
"G3600850","1790","New York","360","Richmond","850","Richmond",3827
"G3601030","1790","New York","360","Suffolk","1030","Suffolk",16546
"G3601110","1790","New York","360","Ulster","1110","Ulster",29370
"G3601150","1790","New York","360","Washington","1150","Washington",14077
"G3601190","1790","New York","360","Westchester","1190","Westchester",23978
"G3700070","1790","North Carolina","370","Anson","70","Anson",5235
"G3700130","1790","North Carolina","370","Beaufort","130","Beaufort",5405
"G3700150","1790","North Carolina","370","Bertie","150","Bertie",12462
"G3700170","1790","North Carolina","370","Bladen","170","Bladen",5100
"G3700190","1790","North Carolina","370","Brunswick","190","Brunswick",3070
"G3700230","1790","North Carolina","370","Burke","230","Burke",8106
"G3700290","1790","North Carolina","370","Camden","290","Camden",4022
"G3700310","1790","North Carolina","370","Carteret","310","Carteret",3734
"G3700330","1790","North Carolina","370","Caswell","330","Caswell",10096
"G3700370","1790","North Carolina","370","Chatham","370","Chatham",9161
"G3700410","1790","North Carolina","370","Chowan","410","Chowan",4988
"G3700490","1790","North Carolina","370","Craven","490","Craven",10474
"G3700510","1790","North Carolina","370","Cumberland","510","Cumberland",8730
"G3700530","1790","North Carolina","370","Currituck","530","Currituck",5220
"G3700595","1790","North Carolina","370","Dobbs","595","Dobbs",6994
"G3700610","1790","North Carolina","370","Duplin","610","Duplin",5663
"G3700650","1790","North Carolina","370","Edgecombe","650","Edgecombe",10265
"G3700690","1790","North Carolina","370","Franklin","690","Franklin",7502
"G3700730","1790","North Carolina","370","Gates","730","Gates",5386
"G3700770","1790","North Carolina","370","Granville","770","Granville",10982
"G3700810","1790","North Carolina","370","Guilford","810","Guilford",7300
"G3700830","1790","North Carolina","370","Halifax","830","Halifax",14310
"G3700910","1790","North Carolina","370","Hertford","910","Hertford",5949
"G3700950","1790","North Carolina","370","Hyde","950","Hyde",4204
"G3700970","1790","North Carolina","370","Iredell","970","Iredell",5430
"G3701010","1790","North Carolina","370","Johnston","1010","Johnston",5691
"G3701030","1790","North Carolina","370","Jones","1030","Jones",4796
"G3701090","1790","North Carolina","370","Lincoln","1090","Lincoln",9246
"G3701170","1790","North Carolina","370","Martin","1170","Martin",6010
"G3701190","1790","North Carolina","370","Mecklenburg","1190","Mecklenburg",11360
"G3701230","1790","North Carolina","370","Montgomery","1230","Montgomery",5039
"G3701250","1790","North Carolina","370","Moore","1250","Moore",3870
"G3701270","1790","North Carolina","370","Nash","1270","Nash",7390
"G3701290","1790","North Carolina","370","New Hanover","1290","New Hanover",6837
"G3701310","1790","North Carolina","370","Northampton","1310","Northampton",9992
"G3701330","1790","North Carolina","370","Onslow","1330","Onslow",5427
"G3701350","1790","North Carolina","370","Orange","1350","Orange",12216
"G3701390","1790","North Carolina","370","Pasquotank","1390","Pasquotank",5477
"G3701430","1790","North Carolina","370","Perquimans","1430","Perquimans",5439
"G3701470","1790","North Carolina","370","Pitt","1470","Pitt",8270
"G3701510","1790","North Carolina","370","Randolph","1510","Randolph",7318
"G3701530","1790","North Carolina","370","Richmond","1530","Richmond",5053
"G3701550","1790","North Carolina","370","Robeson","1550","Robeson",5343
"G3701570","1790","North Carolina","370","Rockingham","1570","Rockingham",6211
"G3701590","1790","North Carolina","370","Rowan","1590","Rowan",15972
"G3701610","1790","North Carolina","370","Rutherford","1610","Rutherford",7808
"G3701630","1790","North Carolina","370","Sampson","1630","Sampson",6162
"G3701690","1790","North Carolina","370","Stokes","1690","Stokes",8423
"G3701710","1790","North Carolina","370","Surry","1710","Surry",7192
"G3701770","1790","North Carolina","370","Tyrrell","1770","Tyrrell",4826
"G3701830","1790","North Carolina","370","Wake","1830","Wake",10198
"G3701850","1790","North Carolina","370","Warren","1850","Warren",9379
"G3701910","1790","North Carolina","370","Wayne","1910","Wayne",6115
"G3701930","1790","North Carolina","370","Wilkes","1930","Wilkes",8157
"G4200030","1790","Pennsylvania","420","Allegheny","30","Allegheny",10203
"G4200090","1790","Pennsylvania","420","Bedford","90","Bedford",13132
"G4200110","1790","Pennsylvania","420","Berks","110","Berks",30189
"G4200170","1790","Pennsylvania","420","Bucks","170","Bucks",25216
"G4200290","1790","Pennsylvania","420","Chester","290","Chester",27829
"G4200410","1790","Pennsylvania","420","Cumberland","410","Cumberland",18208
"G4200430","1790","Pennsylvania","420","Dauphin","430","Dauphin",18155
"G4200450","1790","Pennsylvania","420","Delaware","450","Delaware",9469
"G4200510","1790","Pennsylvania","420","Fayette","510","Fayette",13318
"G4200550","1790","Pennsylvania","420","Franklin","550","Franklin",15662
"G4200610","1790","Pennsylvania","420","Huntingdon","610","Huntingdon",7558
"G4200710","1790","Pennsylvania","420","Lancaster","710","Lancaster",36081
"G4200790","1790","Pennsylvania","420","Luzerne","790","Luzerne",4892
"G4200870","1790","Pennsylvania","420","Mifflin","870","Mifflin",7562
"G4200910","1790","Pennsylvania","420","Montgomery","910","Montgomery",22918
"G4200950","1790","Pennsylvania","420","Northampton","950","Northampton",24238
"G4200970","1790","Pennsylvania","420","Northumberland","970","Northumberland",17147
"G4201010","1790","Pennsylvania","420","Philadelphia","1010","Philadelphia",54388
"G4201250","1790","Pennsylvania","420","Washington","1250","Washington",23892
"G4201290","1790","Pennsylvania","420","Westmoreland","1290","Westmoreland",16019
"G4201330","1790","Pennsylvania","420","York","1330","York",37535
"G4400010","1790","Rhode Island","440","Bristol","10","Bristol",3211
"G4400030","1790","Rhode Island","440","Kent","30","Kent",8851
"G4400050","1790","Rhode Island","440","Newport","50","Newport",14351
"G4400070","1790","Rhode Island","440","Providence","70","Providence",24376
"G4400090","1790","Rhode Island","440","Washington","90","Washington",18323
"G4500010","1790","South Carolina","450","Abbeville","10","Abbeville",9197
"G4500130","1790","South Carolina","450","Beaufort","130","Beaufort",18753
"G4500190","1790","South Carolina","450","Charleston","190","Charleston",66985
"G4500230","1790","South Carolina","450","Chester","230","Chester",6866
"G4500270","1790","South Carolina","450","Clarendon","270","Clarendon",2392
"G4500370","1790","South Carolina","450","Edgefield","370","Edgefield",13289
"G4500390","1790","South Carolina","450","Fairfield","390","Fairfield",7623
"G4500430","1790","South Carolina","450","Georgetown","430","Georgetown",22122
"G4500450","1790","South Carolina","450","Greenville","450","Greenville",6503
"G4500570","1790","South Carolina","450","Lancaster","570","Lancaster",6302
"G4500590","1790","South Carolina","450","Laurens","590","Laurens",9337
"G4500690","1790","South Carolina","450","Marlboro","690","Marlboro",10706
"G4500710","1790","South Carolina","450","Newberry","710","Newberry",9342
"G4500750","1790","South Carolina","450","Orangeburg","750","Orangeburg",18513
"G4500755","1790","South Carolina","450","Pendleton","755","Pendleton",9568
"G4500790","1790","South Carolina","450","Richland","790","Richland",3930
"G4500830","1790","South Carolina","450","Spartanburg","830","Spartanburg",8800
"G4500850","1790","South Carolina","450","Sumter","850","Sumter",4548
"G4500870","1790","South Carolina","450","Union","870","Union",7693
"G4500910","1790","South Carolina","450","York","910","York",6604
"G5000010","1790","Vermont","500","Addison","10","Addison",6420
"G5000030","1790","Vermont","500","Bennington","30","Bennington",12206
"G5000070","1790","Vermont","500","Chittenden","70","Chittenden",7287
"G5000170","1790","Vermont","500","Orange","170","Orange",10526
"G5000210","1790","Vermont","500","Rutland","210","Rutland",15590
"G5000250","1790","Vermont","500","Windham","250","Windham",17572
"G5000270","1790","Vermont","500","Windsor","270","Windsor",15740
"G5100010","1790","Virginia","510","Accomack","10","Accomack",13959
"G5100030","1790","Virginia","510","Albemarle","30","Albemarle",12585
"G5100070","1790","Virginia","510","Amelia","70","Amelia",18097
"G5100090","1790","Virginia","510","Amherst","90","Amherst",13703
"G5100150","1790","Virginia","510","Augusta","150","Augusta",10886
"G5100190","1790","Virginia","510","Bedford","190","Bedford",10531
"G5100195","1790","Virginia","510","Berkeley","195","Berkeley",19713
"G5100230","1790","Virginia","510","Botetourt","230","Botetourt",10524
"G5100231","1790","Virginia","510","Bourbon","231","Bourbon",7837
"G5100250","1790","Virginia","510","Brunswick","250","Brunswick",12827
"G5100290","1790","Virginia","510","Buckingham","290","Buckingham",9779
"G5100310","1790","Virginia","510","Campbell","310","Campbell",7685
"G5100330","1790","Virginia","510","Caroline","330","Caroline",17489
"G5100360","1790","Virginia","510","Charles City","360","Charles City",5588
"G5100370","1790","Virginia","510","Charlotte","370","Charlotte",10078
"G5100410","1790","Virginia","510","Chesterfield","410","Chesterfield",14214
"G5100470","1790","Virginia","510","Culpeper","470","Culpeper",22105
"G5100490","1790","Virginia","510","Cumberland","490","Cumberland",8153
"G5100530","1790","Virginia","510","Dinwiddie","530","Dinwiddie",13934
"G5100550","1790","Virginia","510","Elizabeth City","550","Elizabeth City",3450
"G5100570","1790","Virginia","510","Essex","570","Essex",9122
"G5100590","1790","Virginia","510","Fairfax","590","Fairfax",12320
"G5100610","1790","Virginia","510","Fauquier","610","Fauquier",17892
"G5100617","1790","Virginia","510","Fayette","617","Fayette",18410
"G5100650","1790","Virginia","510","Fluvanna","650","Fluvanna",3921
"G5100670","1790","Virginia","510","Franklin","670","Franklin",6842
"G5100690","1790","Virginia","510","Frederick","690","Frederick",19681
"G5100730","1790","Virginia","510","Gloucester","730","Gloucester",13498
"G5100750","1790","Virginia","510","Goochland","750","Goochland",9053
"G5100775","1790","Virginia","510","Greenbrier","775","Greenbrier",6015
"G5100810","1790","Virginia","510","Greensville","810","Greensville",6362
"G5100830","1790","Virginia","510","Halifax","830","Halifax",14722
"G5100833","1790","Virginia","510","Hampshire","833","Hampshire",7346
"G5100850","1790","Virginia","510","Hanover","850","Hanover",14754
"G5100853","1790","Virginia","510","Hardy","853","Hardy",7336
"G5100857","1790","Virginia","510","Harrison","857","Harrison",2080
"G5100870","1790","Virginia","510","Henrico","870","Henrico",12000
"G5100890","1790","Virginia","510","Henry","890","Henry",8479
"G5100930","1790","Virginia","510","Isle Of Wight","930","Isle Of Wight",9028
"G5100950","1790","Virginia","510","James City","950","James City",4070
"G5100955","1790","Virginia","510","Jefferson","955","Jefferson",4765
"G5100970","1790","Virginia","510","King And Queen","970","King And Queen",9377
"G5100990","1790","Virginia","510","King George","990","King George",7366
"G5101010","1790","Virginia","510","King William","1010","King William",8128
"G5101030","1790","Virginia","510","Lancaster","1030","Lancaster",5638
"G5101055","1790","Virginia","510","Lincoln","1055","Lincoln",6548
"G5101070","1790","Virginia","510","Loudoun","1070","Loudoun",18962
"G5101090","1790","Virginia","510","Louisa","1090","Louisa",8467
"G5101110","1790","Virginia","510","Lunenburg","1110","Lunenburg",8959
"G5101131","1790","Virginia","510","Madison","1131","Madison",5772
"G5101139","1790","Virginia","510","Mason","1139","Mason",2729
"G5101170","1790","Virginia","510","Mecklenburg","1170","Mecklenburg",14733
"G5101177","1790","Virginia","510","Mercer","1177","Mercer",7091
"G5101190","1790","Virginia","510","Middlesex","1190","Middlesex",4140
"G5101193","1790","Virginia","510","Monongalia","1193","Monongalia",4768
"G5101210","1790","Virginia","510","Montgomery","1210","Montgomery",13228
"G5101230","1790","Virginia","510","Nansemond","1230","Nansemond",9010
"G5101255","1790","Virginia","510","Nelson","1255","Nelson",11315
"G5101270","1790","Virginia","510","New Kent","1270","New Kent",6239
"G5101290","1790","Virginia","510","Norfolk","1290","Norfolk",14524
"G5101310","1790","Virginia","510","Northampton","1310","Northampton",6889
"G5101330","1790","Virginia","510","Northumberland","1330","Northumberland",9163
"G5101355","1790","Virginia","510","Ohio","1355","Ohio",5212
"G5101370","1790","Virginia","510","Orange","1370","Orange",9921
"G5101415","1790","Virginia","510","Pendleton","1415","Pendleton",2452
"G5101430","1790","Virginia","510","Pittsylvania","1430","Pittsylvania",11579
"G5101450","1790","Virginia","510","Powhatan","1450","Powhatan",6822
"G5101470","1790","Virginia","510","Prince Edward","1470","Prince Edward",8100
"G5101490","1790","Virginia","510","Prince George","1490","Prince George",8173
"G5101510","1790","Virginia","510","Princess Anne","1510","Princess Anne",7793
"G5101530","1790","Virginia","510","Prince William","1530","Prince William",11615
"G5101557","1790","Virginia","510","Randolph","1557","Randolph",951
"G5101590","1790","Virginia","510","Richmond","1590","Richmond",6985
"G5101630","1790","Virginia","510","Rockbridge","1630","Rockbridge",6548
"G5101650","1790","Virginia","510","Rockingham","1650","Rockingham",7449
"G5101670","1790","Virginia","510","Russell","1670","Russell",3338
"G5101710","1790","Virginia","510","Shenandoah","1710","Shenandoah",10510
"G5101750","1790","Virginia","510","Southampton","1750","Southampton",12864
"G5101770","1790","Virginia","510","Spotsylvania","1770","Spotsylvania",11252
"G5101790","1790","Virginia","510","Stafford","1790","Stafford",9588
"G5101810","1790","Virginia","510","Surry","1810","Surry",6227
"G5101830","1790","Virginia","510","Sussex","1830","Sussex",10549
"G5101890","1790","Virginia","510","Warwick","1890","Warwick",1690
"G5101910","1790","Virginia","510","Washington","1910","Washington",5625
"G5101930","1790","Virginia","510","Westmoreland","1930","Westmoreland",7722
"G5101955","1790","Virginia","510","Woodford","1955","Woodford",9210
"G5101990","1790","Virginia","510","York","1990","York",5233
"G5108305","1790","Virginia","510","Williamsburg","8305","Williamsburg",
"G5109993","1790","Virginia","510","Virginia (KY part) [multi-county reporting area]","9993","Virginia [KY part]",73677
"G5109997","1790","Virginia","510","Virginia (non-KY part) [multi-county reporting area]","9997","Virginia  [non-KY part]",747610
