GISJOIN,YEAR,STATE,STATEA,COUNTY,COUNTYA,AREANAME,ABA001,ABM001
"G0100010","1820","Alabama","010","Autauga","0010","Autauga",3853,3853
"G0100030","1820","Alabama","010","Baldwin","0030","Baldwin",1713,1713
"G0100090","1820","Alabama","010","Blount","0090","Blount",2415,2415
"G0100130","1820","Alabama","010","Butler","0130","Butler",1405,1405
"G0100135","1820","Alabama","010","Cahawba","0135","Cahawba",3676,3676
"G0100250","1820","Alabama","010","Clarke","0250","Clarke",5839,5839
"G0100350","1820","Alabama","010","Conecuh","0350","Conecuh",5713,5713
"G0100375","1820","Alabama","010","Cotaco","0375","Cotaco",5263,5263
"G0100470","1820","Alabama","010","Dallas","0470","Dallas",6003,6003
"G0100590","1820","Alabama","010","Franklin","0590","Franklin",4988,4988
"G0100630","1820","Alabama","010","Greene","0630","Greene",4554,4554
"G0100670","1820","Alabama","010","Henry","0670","Henry",2638,2638
"G0100710","1820","Alabama","010","Jackson","0710","Jackson",8751,8751
"G0100770","1820","Alabama","010","Lauderdale","0770","Lauderdale",4963,4963
"G0100790","1820","Alabama","010","Lawrence","0790","Lawrence",8652,8652
"G0100830","1820","Alabama","010","Limestone","0830","Limestone",9871,9871
"G0100890","1820","Alabama","010","Madison","0890","Madison",17481,17481
"G0100910","1820","Alabama","010","Marengo","0910","Marengo",2933,2933
"G0100970","1820","Alabama","010","Mobile","0970","Mobile",2672,2672
"G0100990","1820","Alabama","010","Monroe","0990","Monroe",8838,8838
"G0101010","1820","Alabama","010","Montgomery","1010","Montgomery",6604,6604
"G0101050","1820","Alabama","010","Perry","1050","Perry",3646,3646
"G0101150","1820","Alabama","010","St Clair","1150","St Clair",4166,4166
"G0101170","1820","Alabama","010","Shelby","1170","Shelby",2416,2416
"G0101250","1820","Alabama","010","Tuscaloosa","1250","Tuscaloosa",8229,8229
"G0101290","1820","Alabama","010","Washington","1290","Washington",4118,4118
"G0101310","1820","Alabama","010","Wilcox","1310","Wilcox",2917,2917
"G0550015","1820","Arkansas Territory","055","Arkansas","0015","Arkansas",1260,1260
"G0550055","1820","Arkansas Territory","055","Clark","0055","Clark",1040,1040
"G0550135","1820","Arkansas Territory","055","Hempstead","0135","Hempstead",2248,2248
"G0550275","1820","Arkansas Territory","055","Lawrence","0275","Lawrence",5602,5602
"G0550295","1820","Arkansas Territory","055","Miller","0295","Miller",999,999
"G0550335","1820","Arkansas Territory","055","Phillips","0335","Phillips",1201,1201
"G0550375","1820","Arkansas Territory","055","Pulaski","0375","Pulaski",1923,1923
"G0900010","1820","Connecticut","090","Fairfield","0010","Fairfield",42739,42739
"G0900030","1820","Connecticut","090","Hartford","0030","Hartford",47224,47264
"G0900050","1820","Connecticut","090","Litchfield","0050","Litchfield",41267,41267
"G0900070","1820","Connecticut","090","Middlesex","0070","Middlesex",22405,22405
"G0900090","1820","Connecticut","090","New Haven","0090","New Haven",39610,39616
"G0900110","1820","Connecticut","090","New London","0110","New London",35943,35943
"G0900130","1820","Connecticut","090","Tolland","0130","Tolland",14330,14330
"G0900150","1820","Connecticut","090","Windham","0150","Windham",31684,31684
"G1000010","1820","Delaware","100","Kent","0010","Kent",20793,20793
"G1000030","1820","Delaware","100","New Castle","0030","New Castle",27899,27899
"G1000050","1820","Delaware","100","Sussex","0050","Sussex",24057,24057
"G1300010","1820","Georgia","130","Appling","0010","Appling",1264,1264
"G1300090","1820","Georgia","130","Baldwin","0090","Baldwin",7734,7734
"G1300290","1820","Georgia","130","Bryan","0290","Bryan",3021,3021
"G1300310","1820","Georgia","130","Bulloch","0310","Bulloch",2578,2578
"G1300330","1820","Georgia","130","Burke","0330","Burke",11577,11577
"G1300390","1820","Georgia","130","Camden","0390","Camden",4342,4342
"G1300510","1820","Georgia","130","Chatham","0510","Chatham",14737,14737
"G1300590","1820","Georgia","130","Clarke","0590","Clarke",8767,8767
"G1300730","1820","Georgia","130","Columbia","0730","Columbia",12695,12695
"G1300990","1820","Georgia","130","Early","0990","Early",768,768
"G1301030","1820","Georgia","130","Effingham","1030","Effingham",3018,3018
"G1301050","1820","Georgia","130","Elbert","1050","Elbert",11788,11788
"G1301070","1820","Georgia","130","Emanuel","1070","Emanuel",2928,2928
"G1301190","1820","Georgia","130","Franklin","1190","Franklin",9040,9040
"G1301270","1820","Georgia","130","Glynn","1270","Glynn",3418,3418
"G1301330","1820","Georgia","130","Greene","1330","Greene",13589,13589
"G1301350","1820","Georgia","130","Gwinnett","1350","Gwinnett",4589,4589
"G1301370","1820","Georgia","130","Habersham","1370","Habersham",3145,3145
"G1301390","1820","Georgia","130","Hall","1390","Hall",5086,5086
"G1301410","1820","Georgia","130","Hancock","1410","Hancock",12734,12734
"G1301550","1820","Georgia","130","Irwin","1550","Irwin",411,411
"G1301570","1820","Georgia","130","Jackson","1570","Jackson",8355,8355
"G1301590","1820","Georgia","130","Jasper","1590","Jasper",14614,14614
"G1301630","1820","Georgia","130","Jefferson","1630","Jefferson",7056,7056
"G1301690","1820","Georgia","130","Jones","1690","Jones",16570,16570
"G1301750","1820","Georgia","130","Laurens","1750","Laurens",5436,5436
"G1301790","1820","Georgia","130","Liberty","1790","Liberty",6695,6695
"G1301810","1820","Georgia","130","Lincoln","1810","Lincoln",6458,6458
"G1301910","1820","Georgia","130","McIntosh","1910","Mcintosh",5129,5129
"G1301950","1820","Georgia","130","Madison","1950","Madison",3735,3735
"G1302090","1820","Georgia","130","Montgomery","2090","Montgomery",1869,1869
"G1302110","1820","Georgia","130","Morgan","2110","Morgan",13520,13520
"G1302210","1820","Georgia","130","Oglethorpe","2210","Oglethorpe",14046,14046
"G1302350","1820","Georgia","130","Pulaski","2350","Pulaski",5283,5283
"G1302370","1820","Georgia","130","Putnam","2370","Putnam",15475,15475
"G1302410","1820","Georgia","130","Rabun","2410","Rabun",524,524
"G1302450","1820","Georgia","130","Richmond","2450","Richmond",8608,8608
"G1302510","1820","Georgia","130","Screven","2510","Screven",3941,3941
"G1302670","1820","Georgia","130","Tattnall","2670","Tattnall",2644,2644
"G1302710","1820","Georgia","130","Telfair","2710","Telfair",2104,2104
"G1302890","1820","Georgia","130","Twiggs","2890","Twiggs",10640,10640
"G1302970","1820","Georgia","130","Walton","2970","Walton",4192,4192
"G1303010","1820","Georgia","130","Warren","3010","Warren",10630,10630
"G1303030","1820","Georgia","130","Washington","3030","Washington",10627,10627
"G1303050","1820","Georgia","130","Wayne","3050","Wayne",1010,1010
"G1303170","1820","Georgia","130","Wilkes","3170","Wilkes",17607,17607
"G1303190","1820","Georgia","130","Wilkinson","3190","Wilkinson",6992,6992
"G1700030","1820","Illinois","170","Alexander","0030","Alexander",626,626
"G1700050","1820","Illinois","170","Bond","0050","Bond",2931,2931
"G1700230","1820","Illinois","170","Clark","0230","Clark",931,931
"G1700330","1820","Illinois","170","Crawford","0330","Crawford",3022,3022
"G1700470","1820","Illinois","170","Edwards","0470","Edwards",3444,3444
"G1700550","1820","Illinois","170","Franklin","0550","Franklin",1763,1763
"G1700590","1820","Illinois","170","Gallatin","0590","Gallatin",3155,3155
"G1700770","1820","Illinois","170","Jackson","0770","Jackson",1542,1542
"G1700810","1820","Illinois","170","Jefferson","0810","Jefferson",691,691
"G1700870","1820","Illinois","170","Johnson","0870","Johnson",843,843
"G1701190","1820","Illinois","170","Madison","1190","Madison",13550,13550
"G1701330","1820","Illinois","170","Monroe","1330","Monroe",1537,1537
"G1701510","1820","Illinois","170","Pope","1510","Pope",2610,2610
"G1701570","1820","Illinois","170","Randolph","1570","Randolph",3492,3492
"G1701630","1820","Illinois","170","St Clair","1630","St Clair",5253,5253
"G1701810","1820","Illinois","170","Union","1810","Union",2362,2362
"G1701890","1820","Illinois","170","Washington","1890","Washington",1517,1517
"G1701910","1820","Illinois","170","Wayne","1910","Wayne",1114,1114
"G1701930","1820","Illinois","170","White","1930","White",4828,4828
"G1800190","1820","Indiana","180","Clark","0190","Clark",8709,8709
"G1800250","1820","Indiana","180","Crawford","0250","Crawford",2583,2583
"G1800270","1820","Indiana","180","Daviess","0270","Daviess",3432,3432
"G1800290","1820","Indiana","180","Dearborn","0290","Dearborn",11468,11468
"G1800350","1820","Indiana","180","Delaware","0350","Delaware",3677,3677
"G1800370","1820","Indiana","180","Dubois","0370","Dubois",1168,1168
"G1800410","1820","Indiana","180","Fayette","0410","Fayette",5950,5950
"G1800430","1820","Indiana","180","Floyd","0430","Floyd",2776,2776
"G1800470","1820","Indiana","180","Franklin","0470","Franklin",10763,10763
"G1800510","1820","Indiana","180","Gibson","0510","Gibson",3876,3876
"G1800610","1820","Indiana","180","Harrison","0610","Harrison",7875,7875
"G1800710","1820","Indiana","180","Jackson","0710","Jackson",4010,4010
"G1800770","1820","Indiana","180","Jefferson","0770","Jefferson",8038,8038
"G1800790","1820","Indiana","180","Jennings","0790","Jennings",2000,2000
"G1800830","1820","Indiana","180","Knox","0830","Knox",5437,5437
"G1800930","1820","Indiana","180","Lawrence","0930","Lawrence",4116,4116
"G1801010","1820","Indiana","180","Martin","1010","Martin",1032,1032
"G1801050","1820","Indiana","180","Monroe","1050","Monroe",2679,2679
"G1801170","1820","Indiana","180","Orange","1170","Orange",5368,5368
"G1801190","1820","Indiana","180","Owen","1190","Owen",838,838
"G1801230","1820","Indiana","180","Perry","1230","Perry",2330,2330
"G1801250","1820","Indiana","180","Pike","1250","Pike",1472,1472
"G1801290","1820","Indiana","180","Posey","1290","Posey",4061,4061
"G1801350","1820","Indiana","180","Randolph","1350","Randolph",1808,1808
"G1801370","1820","Indiana","180","Ripley","1370","Ripley",1822,1822
"G1801430","1820","Indiana","180","Scott","1430","Scott",2334,2334
"G1801470","1820","Indiana","180","Spencer","1470","Spencer",1882,1882
"G1801530","1820","Indiana","180","Sullivan","1530","Sullivan",3498,3498
"G1801550","1820","Indiana","180","Switzerland","1550","Switzerland",3934,3934
"G1801630","1820","Indiana","180","Vanderburgh","1630","Vanderburgh",1798,1798
"G1801670","1820","Indiana","180","Vigo","1670","Vigo",3390,3390
"G1801675","1820","Indiana","180","Wabash New Purchase *","1675","Wabash New Purchase *",147,147
"G1801730","1820","Indiana","180","Warrick","1730","Warrick",1749,1749
"G1801750","1820","Indiana","180","Washington","1750","Washington",9039,9039
"G1801770","1820","Indiana","180","Wayne","1770","Wayne",12119,12119
"G2100010","1820","Kentucky","210","Adair","0010","Adair",8765,8765
"G2100030","1820","Kentucky","210","Allen","0030","Allen",5327,5327
"G2100090","1820","Kentucky","210","Barren","0090","Barren",10328,10328
"G2100110","1820","Kentucky","210","Bath","0110","Bath",7961,7961
"G2100150","1820","Kentucky","210","Boone","0150","Boone",6542,6542
"G2100170","1820","Kentucky","210","Bourbon","0170","Bourbon",17664,17664
"G2100230","1820","Kentucky","210","Bracken","0230","Bracken",5280,5280
"G2100270","1820","Kentucky","210","Breckinridge","0270","Breckinridge",7485,7485
"G2100290","1820","Kentucky","210","Bullitt","0290","Bullitt",5831,5831
"G2100310","1820","Kentucky","210","Butler","0310","Butler",3083,3083
"G2100330","1820","Kentucky","210","Caldwell","0330","Caldwell",9022,9022
"G2100370","1820","Kentucky","210","Campbell","0370","Campbell",7022,7022
"G2100450","1820","Kentucky","210","Casey","0450","Casey",4349,4349
"G2100470","1820","Kentucky","210","Christian","0470","Christian",10459,10459
"G2100490","1820","Kentucky","210","Clark","0490","Clark",11449,11449
"G2100510","1820","Kentucky","210","Clay","0510","Clay",4393,4393
"G2100570","1820","Kentucky","210","Cumberland","0570","Cumberland",8058,8058
"G2100590","1820","Kentucky","210","Daviess","0590","Daviess",3876,3876
"G2100650","1820","Kentucky","210","Estill","0650","Estill",3507,3507
"G2100670","1820","Kentucky","210","Fayette","0670","Fayette",23250,23250
"G2100690","1820","Kentucky","210","Fleming","0690","Fleming",12186,12186
"G2100710","1820","Kentucky","210","Floyd","0710","Floyd",8207,8207
"G2100730","1820","Kentucky","210","Franklin","0730","Franklin",11024,11024
"G2100770","1820","Kentucky","210","Gallatin","0770","Gallatin",7075,7075
"G2100790","1820","Kentucky","210","Garrard","0790","Garrard",10851,10851
"G2100810","1820","Kentucky","210","Grant","0810","Grant",1805,1805
"G2100850","1820","Kentucky","210","Grayson","0850","Grayson",4055,4055
"G2100870","1820","Kentucky","210","Green","0870","Green",11943,11943
"G2100890","1820","Kentucky","210","Greenup","0890","Greenup",4311,4311
"G2100930","1820","Kentucky","210","Hardin","0930","Hardin",10498,10498
"G2100950","1820","Kentucky","210","Harlan","0950","Harlan",1961,1961
"G2100970","1820","Kentucky","210","Harrison","0970","Harrison",12278,12278
"G2100990","1820","Kentucky","210","Hart","0990","Hart",4184,4184
"G2101010","1820","Kentucky","210","Henderson","1010","Henderson",5714,5714
"G2101030","1820","Kentucky","210","Henry","1030","Henry",10816,10816
"G2101070","1820","Kentucky","210","Hopkins","1070","Hopkins",5322,5322
"G2101110","1820","Kentucky","210","Jefferson","1110","Jefferson",20768,20768
"G2101130","1820","Kentucky","210","Jessamine","1130","Jessamine",9297,9297
"G2101210","1820","Kentucky","210","Knox","1210","Knox",3661,3661
"G2101350","1820","Kentucky","210","Lewis","1350","Lewis",3973,3973
"G2101370","1820","Kentucky","210","Lincoln","1370","Lincoln",9979,9979
"G2101390","1820","Kentucky","210","Livingston","1390","Livingston",5824,5824
"G2101410","1820","Kentucky","210","Logan","1410","Logan",14423,14423
"G2101510","1820","Kentucky","210","Madison","1510","Madison",15954,15954
"G2101610","1820","Kentucky","210","Mason","1610","Mason",13588,13588
"G2101670","1820","Kentucky","210","Mercer","1670","Mercer",15587,15587
"G2101710","1820","Kentucky","210","Monroe","1710","Monroe",4956,4956
"G2101730","1820","Kentucky","210","Montgomery","1730","Montgomery",9587,9587
"G2101770","1820","Kentucky","210","Muhlenberg","1770","Muhlenberg",4979,4979
"G2101790","1820","Kentucky","210","Nelson","1790","Nelson",16273,16273
"G2101810","1820","Kentucky","210","Nicholas","1810","Nicholas",7973,7973
"G2101830","1820","Kentucky","210","Ohio","1830","Ohio",3879,3879
"G2101870","1820","Kentucky","210","Owen","1870","Owen",2031,2031
"G2101910","1820","Kentucky","210","Pendleton","1910","Pendleton",3086,3086
"G2101990","1820","Kentucky","210","Pulaski","1990","Pulaski",7597,7597
"G2102030","1820","Kentucky","210","Rockcastle","2030","Rockcastle",2249,2249
"G2102090","1820","Kentucky","210","Scott","2090","Scott",14219,14219
"G2102110","1820","Kentucky","210","Shelby","2110","Shelby",21047,21047
"G2102130","1820","Kentucky","210","Simpson","2130","Simpson",4852,4852
"G2102190","1820","Kentucky","210","Todd","2190","Todd",5089,5089
"G2102210","1820","Kentucky","210","Trigg","2210","Trigg",3874,3874
"G2102250","1820","Kentucky","210","Union","2250","Union",3470,3470
"G2102270","1820","Kentucky","210","Warren","2270","Warren",11776,11776
"G2102290","1820","Kentucky","210","Washington","2290","Washington",15947,15947
"G2102310","1820","Kentucky","210","Wayne","2310","Wayne",7951,7951
"G2102350","1820","Kentucky","210","Whitley","2350","Whitley",2340,2340
"G2102390","1820","Kentucky","210","Woodford","2390","Woodford",12207,12207
"G2200050","1820","Louisiana","220","Ascension","0050","Ascension",3728,3728
"G2200070","1820","Louisiana","220","Assumption","0070","Assumption",3576,3576
"G2200075","1820","Louisiana","220","Attakapas","0075","Attakapas",12063,12063
"G2200090","1820","Louisiana","220","Avoyelles","0090","Avoyelles",2245,2245
"G2200250","1820","Louisiana","220","Catahoula","0250","Catahoula",2287,2287
"G2200290","1820","Louisiana","220","Concordia","0290","Concordia",2626,2626
"G2200330","1820","Louisiana","220","East Baton Rouge","0330","East Baton Rouge",5220,5220
"G2200470","1820","Louisiana","220","Iberville","0470","Iberville",4414,4414
"G2200570","1820","Louisiana","220","Lafourche","0570","Lafourche",3755,3755
"G2200690","1820","Louisiana","220","Natchitoches","0690","Natchitoches",7486,7486
"G2200710","1820","Louisiana","220","Orleans","0710","Orleans",41351,41351
"G2200730","1820","Louisiana","220","Ouachita","0730","Ouachita",2896,2896
"G2200750","1820","Louisiana","220","Plaquemines","0750","Plaquemines",2354,2354
"G2200770","1820","Louisiana","220","Pointe Coupee","0770","Pointe Coupee",4912,4912
"G2200790","1820","Louisiana","220","Rapides","0790","Rapides",6065,6065
"G2200870","1820","Louisiana","220","St Bernard","0870","St Bernard",2635,2635
"G2200890","1820","Louisiana","220","St Charles","0890","St Charles",3862,3862
"G2200910","1820","Louisiana","220","St Helena","0910","St Helena",3026,3026
"G2200930","1820","Louisiana","220","St James","0930","St James",5660,5660
"G2200950","1820","Louisiana","220","St John The Baptist","0950","St John The Baptist",3854,3854
"G2200970","1820","Louisiana","220","St Landry","0970","St Landry",10085,10085
"G2201030","1820","Louisiana","220","St Tammany","1030","St Tammany",1723,1723
"G2201170","1820","Louisiana","220","Washington","1170","Washington",2517,2517
"G2201210","1820","Louisiana","220","West Baton Rouge","1210","West Baton Rouge",2335,2335
"G2201250","1820","Louisiana","220","West Feliciana","1250","West Feliciana",12732,12732
"G2300050","1820","Maine","230","Cumberland","0050","Cumberland",49445,49445
"G2300090","1820","Maine","230","Hancock","0090","Hancock",31290,31290
"G2300110","1820","Maine","230","Kennebec","0110","Kennebec",42623,42623
"G2300150","1820","Maine","230","Lincoln","0150","Lincoln",53189,53189
"G2300170","1820","Maine","230","Oxford","0170","Oxford",27104,27104
"G2300190","1820","Maine","230","Penobscot","0190","Penobscot",13870,13870
"G2300250","1820","Maine","230","Somerset","0250","Somerset",21787,21787
"G2300290","1820","Maine","230","Washington","0290","Washington",12744,12744
"G2300310","1820","Maine","230","York","0310","York",46283,46283
"G2400010","1820","Maryland","240","Allegany","0010","Allegany",8654,8654
"G2400030","1820","Maryland","240","Anne Arundel","0030","Anne Arundel",27165,27165
"G2400050","1820","Maryland","240","Baltimore","0050","Baltimore",33463,33463
"G2400090","1820","Maryland","240","Calvert","0090","Calvert",8073,8073
"G2400110","1820","Maryland","240","Caroline","0110","Caroline",10108,10108
"G2400150","1820","Maryland","240","Cecil","0150","Cecil",16048,16048
"G2400170","1820","Maryland","240","Charles","0170","Charles",16500,16500
"G2400190","1820","Maryland","240","Dorchester","0190","Dorchester",17759,17759
"G2400210","1820","Maryland","240","Frederick","0210","Frederick",40459,40459
"G2400250","1820","Maryland","240","Harford","0250","Harford",15924,15924
"G2400290","1820","Maryland","240","Kent","0290","Kent",11453,11453
"G2400310","1820","Maryland","240","Montgomery","0310","Montgomery",16400,16400
"G2400330","1820","Maryland","240","Prince Georges","0330","Prince Georges",20216,20216
"G2400350","1820","Maryland","240","Queen Anne's","0350","Queen Anne's",14952,14952
"G2400370","1820","Maryland","240","St Mary's","0370","St Mary's",12974,12974
"G2400390","1820","Maryland","240","Somerset","0390","Somerset",19579,19579
"G2400410","1820","Maryland","240","Talbot","0410","Talbot",14389,14389
"G2400430","1820","Maryland","240","Washington","0430","Washington",23075,23075
"G2400470","1820","Maryland","240","Worcester","0470","Worcester",17421,17421
"G2405100","1820","Maryland","240","Baltimore City","5100","Baltimore City",62738,62738
"G2500010","1820","Massachusetts","250","Barnstable","0010","Barnstable",24026,24026
"G2500030","1820","Massachusetts","250","Berkshire","0030","Berkshire",35720,35720
"G2500050","1820","Massachusetts","250","Bristol","0050","Bristol",40908,40908
"G2500070","1820","Massachusetts","250","Dukes","0070","Dukes",3292,3292
"G2500090","1820","Massachusetts","250","Essex","0090","Essex",74655,74655
"G2500110","1820","Massachusetts","250","Franklin","0110","Franklin",29268,29268
"G2500130","1820","Massachusetts","250","Hampden","0130","Hampden",28021,28021
"G2500150","1820","Massachusetts","250","Hampshire","0150","Hampshire",26487,26487
"G2500170","1820","Massachusetts","250","Middlesex","0170","Middlesex",61472,61472
"G2500190","1820","Massachusetts","250","Nantucket","0190","Nantucket",7266,7266
"G2500210","1820","Massachusetts","250","Norfolk","0210","Norfolk",36471,36471
"G2500230","1820","Massachusetts","250","Plymouth","0230","Plymouth",38136,38136
"G2500250","1820","Massachusetts","250","Suffolk","0250","Suffolk",43940,43940
"G2500270","1820","Massachusetts","250","Worcester","0270","Worcester",73625,73625
"G2650035","1820","Michigan Territory","265","Brown","0035","Brown",952,952
"G2650095","1820","Michigan Territory","265","Crawford","0095","Crawford",492,492
"G2650215","1820","Michigan Territory","265","Macomb","0215","Macomb",898,898
"G2650235","1820","Michigan Territory","265","Michilimackinac","0235","Michilimackinac",819,819
"G2650255","1820","Michigan Territory","265","Monroe","0255","Monroe",1831,1831
"G2650275","1820","Michigan Territory","265","Oakland","0275","Oakland",330,330
"G2650375","1820","Michigan Territory","265","Wayne","0375","Wayne",3574,3574
"G2800010","1820","Mississippi","280","Adams","0010","Adams",12076,12076
"G2800050","1820","Mississippi","280","Amite","0050","Amite",6853,6853
"G2800210","1820","Mississippi","280","Claiborne","0210","Claiborne",5963,5963
"G2800310","1820","Mississippi","280","Covington","0310","Covington",2230,2230
"G2800370","1820","Mississippi","280","Franklin","0370","Franklin",3821,3821
"G2800410","1820","Mississippi","280","Greene","0410","Greene",1445,1445
"G2800450","1820","Mississippi","280","Hancock","0450","Hancock",1594,1594
"G2800590","1820","Mississippi","280","Jackson","0590","Jackson",1682,1682
"G2800630","1820","Mississippi","280","Jefferson","0630","Jefferson",6822,6822
"G2800770","1820","Mississippi","280","Lawrence","0770","Lawrence",4916,4916
"G2800910","1820","Mississippi","280","Marion","0910","Marion",3116,3116
"G2800950","1820","Mississippi","280","Monroe","0950","Monroe",2721,2721
"G2801110","1820","Mississippi","280","Perry","1110","Perry",2037,2037
"G2801130","1820","Mississippi","280","Pike","1130","Pike",4438,4438
"G2801490","1820","Mississippi","280","Warren","1490","Warren",2693,2693
"G2801530","1820","Mississippi","280","Wayne","1530","Wayne",3323,3323
"G2801570","1820","Mississippi","280","Wilkinson","1570","Wilkinson",9718,9718
"G2950015","1820","Missouri Territory","295","Cape Girardeau","0015","Cape Girardeau",5968,5968
"G2950035","1820","Missouri Territory","295","Cooper","0035","Cooper",6959,6959
"G2950055","1820","Missouri Territory","295","Franklin","0055","Franklin",2379,2379
"G2950075","1820","Missouri Territory","295","Howard","0075","Howard",13426,13426
"G2950095","1820","Missouri Territory","295","Jefferson","0095","Jefferson",1835,1835
"G2950115","1820","Missouri Territory","295","Lincoln","0115","Lincoln",1662,1662
"G2950135","1820","Missouri Territory","295","Madison","0135","Madison",2047,2047
"G2950155","1820","Missouri Territory","295","Montgomery","0155","Montgomery",3074,3074
"G2950175","1820","Missouri Territory","295","New Madrid","0175","New Madrid",2296,2296
"G2950195","1820","Missouri Territory","295","Pike","0195","Pike",3747,3747
"G2950215","1820","Missouri Territory","295","St Charles","0215","St Charles",3970,3970
"G2950235","1820","Missouri Territory","295","Ste Genevieve","0235","Ste Genevieve",4962,4962
"G2950255","1820","Missouri Territory","295","St Louis","0255","St Louis",10049,10049
"G2950275","1820","Missouri Territory","295","Washington","0275","Washington",2769,2769
"G2950295","1820","Missouri Territory","295","Wayne","0295","Wayne",1443,1443
"G3300050","1820","New Hampshire","330","Cheshire","0050","Cheshire",45376,45376
"G3300070","1820","New Hampshire","330","Coos","0070","Coos",5549,5549
"G3300090","1820","New Hampshire","330","Grafton","0090","Grafton",32989,32989
"G3300110","1820","New Hampshire","330","Hillsborough","0110","Hillsborough",53884,53884
"G3300150","1820","New Hampshire","330","Rockingham","0150","Rockingham",55246,55246
"G3300170","1820","New Hampshire","330","Strafford","0170","Strafford",51117,51117
"G3400030","1820","New Jersey","340","Bergen","0030","Bergen",18178,18178
"G3400050","1820","New Jersey","340","Burlington","0050","Burlington",28822,28822
"G3400090","1820","New Jersey","340","Cape May","0090","Cape May",4265,4265
"G3400110","1820","New Jersey","340","Cumberland","0110","Cumberland",12668,12668
"G3400130","1820","New Jersey","340","Essex","0130","Essex",30793,30793
"G3400150","1820","New Jersey","340","Gloucester","0150","Gloucester",23089,23089
"G3400190","1820","New Jersey","340","Hunterdon","0190","Hunterdon",28604,28604
"G3400230","1820","New Jersey","340","Middlesex","0230","Middlesex",21470,21470
"G3400250","1820","New Jersey","340","Monmouth","0250","Monmouth",25038,25038
"G3400270","1820","New Jersey","340","Morris","0270","Morris",21368,21368
"G3400330","1820","New Jersey","340","Salem","0330","Salem",14022,14022
"G3400350","1820","New Jersey","340","Somerset","0350","Somerset",16506,16506
"G3400370","1820","New Jersey","340","Sussex","0370","Sussex",32752,32752
"G3600010","1820","New York","360","Albany","0010","Albany",38116,38116
"G3600030","1820","New York","360","Allegany","0030","Allegany",9330,9330
"G3600070","1820","New York","360","Broome","0070","Broome",14343,14343
"G3600090","1820","New York","360","Cattaraugus","0090","Cattaraugus",4090,4090
"G3600110","1820","New York","360","Cayuga","0110","Cayuga",38897,38897
"G3600130","1820","New York","360","Chautauqua","0130","Chautauqua",12568,12568
"G3600170","1820","New York","360","Chenango","0170","Chenango",31215,31215
"G3600190","1820","New York","360","Clinton","0190","Clinton",12070,12070
"G3600210","1820","New York","360","Columbia","0210","Columbia",38330,38330
"G3600230","1820","New York","360","Cortland","0230","Cortland",16507,16507
"G3600250","1820","New York","360","Delaware","0250","Delaware",26587,26587
"G3600270","1820","New York","360","Dutchess","0270","Dutchess",46615,46615
"G3600310","1820","New York","360","Essex","0310","Essex",12811,12811
"G3600330","1820","New York","360","Franklin","0330","Franklin",4439,4439
"G3600370","1820","New York","360","Genesee","0370","Genesee",58093,58093
"G3600390","1820","New York","360","Greene","0390","Greene",22996,22996
"G3600410","1820","New York","360","Hamilton","0410","Hamilton",1251,1251
"G3600430","1820","New York","360","Herkimer","0430","Herkimer",31017,31017
"G3600450","1820","New York","360","Jefferson","0450","Jefferson",32952,32952
"G3600470","1820","New York","360","Kings","0470","Kings",11187,11187
"G3600490","1820","New York","360","Lewis","0490","Lewis",9227,9227
"G3600530","1820","New York","360","Madison","0530","Madison",32208,32208
"G3600570","1820","New York","360","Montgomery","0570","Montgomery",37569,37569
"G3600610","1820","New York","360","New York","0610","New York",123706,123706
"G3600630","1820","New York","360","Niagara","0630","Niagara",22990,22990
"G3600650","1820","New York","360","Oneida","0650","Oneida",50997,50997
"G3600670","1820","New York","360","Onondaga","0670","Onondaga",41467,41467
"G3600690","1820","New York","360","Ontario","0690","Ontario",88267,88267
"G3600710","1820","New York","360","Orange","0710","Orange",41213,41213
"G3600750","1820","New York","360","Oswego","0750","Oswego",12374,12374
"G3600770","1820","New York","360","Otsego","0770","Otsego",44856,44856
"G3600790","1820","New York","360","Putnam","0790","Putnam",11268,11268
"G3600810","1820","New York","360","Queens","0810","Queens",21519,21519
"G3600830","1820","New York","360","Rensselaer","0830","Rensselaer",40153,40153
"G3600850","1820","New York","360","Richmond","0850","Richmond",6135,6135
"G3600870","1820","New York","360","Rockland","0870","Rockland",8837,8837
"G3600890","1820","New York","360","St Lawrence","0890","St Lawrence",16037,16037
"G3600910","1820","New York","360","Saratoga","0910","Saratoga",36052,36052
"G3600930","1820","New York","360","Schenectady","0930","Schenectady",13081,13081
"G3600950","1820","New York","360","Schoharie","0950","Schoharie",23154,23154
"G3600990","1820","New York","360","Seneca","0990","Seneca",23619,23619
"G3601010","1820","New York","360","Steuben","1010","Steuben",21989,21989
"G3601030","1820","New York","360","Suffolk","1030","Suffolk",24272,24272
"G3601050","1820","New York","360","Sullivan","1050","Sullivan",8900,8900
"G3601070","1820","New York","360","Tioga","1070","Tioga",16971,16971
"G3601090","1820","New York","360","Tompkins","1090","Tompkins",20681,20681
"G3601110","1820","New York","360","Ulster","1110","Ulster",30934,30934
"G3601130","1820","New York","360","Warren","1130","Warren",9453,9453
"G3601150","1820","New York","360","Washington","1150","Washington",38831,38831
"G3601190","1820","New York","360","Westchester","1190","Westchester",32638,32638
"G3700070","1820","North Carolina","370","Anson","0070","Anson",12534,12534
"G3700090","1820","North Carolina","370","Ashe","0090","Ashe",4335,4335
"G3700130","1820","North Carolina","370","Beaufort","0130","Beaufort",9850,9850
"G3700150","1820","North Carolina","370","Bertie","0150","Bertie",10805,10805
"G3700170","1820","North Carolina","370","Bladen","0170","Bladen",7276,7276
"G3700190","1820","North Carolina","370","Brunswick","0190","Brunswick",5480,5480
"G3700210","1820","North Carolina","370","Buncombe","0210","Buncombe",10542,10542
"G3700230","1820","North Carolina","370","Burke","0230","Burke",13411,13411
"G3700250","1820","North Carolina","370","Cabarrus","0250","Cabarrus",7248,7248
"G3700290","1820","North Carolina","370","Camden","0290","Camden",6347,6347
"G3700310","1820","North Carolina","370","Carteret","0310","Carteret",5609,5609
"G3700330","1820","North Carolina","370","Caswell","0330","Caswell",13253,13253
"G3700370","1820","North Carolina","370","Chatham","0370","Chatham",12661,12661
"G3700410","1820","North Carolina","370","Chowan","0410","Chowan",6464,6464
"G3700470","1820","North Carolina","370","Columbus","0470","Columbus",3912,3912
"G3700490","1820","North Carolina","370","Craven","0490","Craven",13394,13394
"G3700510","1820","North Carolina","370","Cumberland","0510","Cumberland",14446,14446
"G3700530","1820","North Carolina","370","Currituck","0530","Currituck",8098,8098
"G3700610","1820","North Carolina","370","Duplin","0610","Duplin",9744,9744
"G3700650","1820","North Carolina","370","Edgecombe","0650","Edgecombe",13276,13276
"G3700690","1820","North Carolina","370","Franklin","0690","Franklin",9741,9741
"G3700730","1820","North Carolina","370","Gates","0730","Gates",6837,6837
"G3700770","1820","North Carolina","370","Granville","0770","Granville",18222,18222
"G3700790","1820","North Carolina","370","Greene","0790","Greene",4533,4533
"G3700810","1820","North Carolina","370","Guilford","0810","Guilford",14511,14511
"G3700830","1820","North Carolina","370","Halifax","0830","Halifax",17237,17237
"G3700870","1820","North Carolina","370","Haywood","0870","Haywood",4073,4073
"G3700910","1820","North Carolina","370","Hertford","0910","Hertford",7712,7712
"G3700950","1820","North Carolina","370","Hyde","0950","Hyde",4967,4967
"G3700970","1820","North Carolina","370","Iredell","0970","Iredell",13071,13071
"G3701010","1820","North Carolina","370","Johnston","1010","Johnston",9607,9607
"G3701030","1820","North Carolina","370","Jones","1030","Jones",5216,5216
"G3701070","1820","North Carolina","370","Lenoir","1070","Lenoir",6799,6799
"G3701090","1820","North Carolina","370","Lincoln","1090","Lincoln",18147,18147
"G3701170","1820","North Carolina","370","Martin","1170","Martin",6320,6320
"G3701190","1820","North Carolina","370","Mecklenburg","1190","Mecklenburg",16895,16895
"G3701230","1820","North Carolina","370","Montgomery","1230","Montgomery",8693,8693
"G3701250","1820","North Carolina","370","Moore","1250","Moore",7128,7128
"G3701270","1820","North Carolina","370","Nash","1270","Nash",8185,8185
"G3701290","1820","North Carolina","370","New Hanover","1290","New Hanover",10866,10866
"G3701310","1820","North Carolina","370","Northampton","1310","Northampton",13242,13242
"G3701330","1820","North Carolina","370","Onslow","1330","Onslow",7016,7016
"G3701350","1820","North Carolina","370","Orange","1350","Orange",23492,23492
"G3701390","1820","North Carolina","370","Pasquotank","1390","Pasquotank",8008,8008
"G3701430","1820","North Carolina","370","Perquimans","1430","Perquimans",6857,6857
"G3701450","1820","North Carolina","370","Person","1450","Person",9029,9029
"G3701470","1820","North Carolina","370","Pitt","1470","Pitt",10001,10001
"G3701510","1820","North Carolina","370","Randolph","1510","Randolph",11331,11331
"G3701530","1820","North Carolina","370","Richmond","1530","Richmond",7537,7537
"G3701550","1820","North Carolina","370","Robeson","1550","Robeson",8204,8204
"G3701570","1820","North Carolina","370","Rockingham","1570","Rockingham",11474,11474
"G3701590","1820","North Carolina","370","Rowan","1590","Rowan",26009,26009
"G3701610","1820","North Carolina","370","Rutherford","1610","Rutherford",15351,15351
"G3701630","1820","North Carolina","370","Sampson","1630","Sampson",8908,8908
"G3701690","1820","North Carolina","370","Stokes","1690","Stokes",14033,14033
"G3701710","1820","North Carolina","370","Surry","1710","Surry",12320,12320
"G3701770","1820","North Carolina","370","Tyrrell","1770","Tyrrell",4319,4319
"G3701830","1820","North Carolina","370","Wake","1830","Wake",20102,20102
"G3701850","1820","North Carolina","370","Warren","1850","Warren",11158,11158
"G3701870","1820","North Carolina","370","Washington","1870","Washington",3986,3986
"G3701910","1820","North Carolina","370","Wayne","1910","Wayne",9040,9040
"G3701930","1820","North Carolina","370","Wilkes","1930","Wilkes",9967,9967
"G3900010","1820","Ohio","390","Adams","0010","Adams",10406,10406
"G3900070","1820","Ohio","390","Ashtabula","0070","Ashtabula",7382,7382
"G3900090","1820","Ohio","390","Athens","0090","Athens",6338,6338
"G3900130","1820","Ohio","390","Belmont","0130","Belmont",20329,20329
"G3900150","1820","Ohio","390","Brown","0150","Brown",13356,13356
"G3900170","1820","Ohio","390","Butler","0170","Butler",21746,21746
"G3900210","1820","Ohio","390","Champaign","0210","Champaign",8479,8479
"G3900230","1820","Ohio","390","Clark","0230","Clark",9533,9533
"G3900250","1820","Ohio","390","Clermont","0250","Clermont",15820,15820
"G3900270","1820","Ohio","390","Clinton","0270","Clinton",8085,8085
"G3900290","1820","Ohio","390","Columbiana","0290","Columbiana",22033,22033
"G3900310","1820","Ohio","390","Coshocton","0310","Coshocton",7086,7086
"G3900350","1820","Ohio","390","Cuyahoga","0350","Cuyahoga",6328,6328
"G3900370","1820","Ohio","390","Darke","0370","Darke",3717,3717
"G3900410","1820","Ohio","390","Delaware","0410","Delaware",7639,7639
"G3900450","1820","Ohio","390","Fairfield","0450","Fairfield",16633,16633
"G3900470","1820","Ohio","390","Fayette","0470","Fayette",6316,6316
"G3900490","1820","Ohio","390","Franklin","0490","Franklin",10292,10292
"G3900530","1820","Ohio","390","Gallia","0530","Gallia",7098,7098
"G3900550","1820","Ohio","390","Geauga","0550","Geauga",7791,7791
"G3900570","1820","Ohio","390","Greene","0570","Greene",10529,10529
"G3900590","1820","Ohio","390","Guernsey","0590","Guernsey",9292,9292
"G3900610","1820","Ohio","390","Hamilton","0610","Hamilton",31764,31764
"G3900670","1820","Ohio","390","Harrison","0670","Harrison",14345,14345
"G3900710","1820","Ohio","390","Highland","0710","Highland",12308,12308
"G3900730","1820","Ohio","390","Hocking","0730","Hocking",2130,2130
"G3900770","1820","Ohio","390","Huron","0770","Huron",6675,6675
"G3900790","1820","Ohio","390","Jackson","0790","Jackson",3746,3746
"G3900810","1820","Ohio","390","Jefferson","0810","Jefferson",18531,18531
"G3900830","1820","Ohio","390","Knox","0830","Knox",8326,8326
"G3900870","1820","Ohio","390","Lawrence","0870","Lawrence",3499,3499
"G3900890","1820","Ohio","390","Licking","0890","Licking",11861,11861
"G3900910","1820","Ohio","390","Logan","0910","Logan",3181,3181
"G3900970","1820","Ohio","390","Madison","0970","Madison",4799,4799
"G3901030","1820","Ohio","390","Medina","1030","Medina",3082,3082
"G3901050","1820","Ohio","390","Meigs","1050","Meigs",4480,4480
"G3901090","1820","Ohio","390","Miami","1090","Miami",8851,8851
"G3901110","1820","Ohio","390","Monroe","1110","Monroe",4645,4645
"G3901130","1820","Ohio","390","Montgomery","1130","Montgomery",15999,15999
"G3901150","1820","Ohio","390","Morgan","1150","Morgan",5297,5297
"G3901190","1820","Ohio","390","Muskingum","1190","Muskingum",17824,17824
"G3901270","1820","Ohio","390","Perry","1270","Perry",8429,8429
"G3901290","1820","Ohio","390","Pickaway","1290","Pickaway",13149,13149
"G3901310","1820","Ohio","390","Pike","1310","Pike",4253,4253
"G3901330","1820","Ohio","390","Portage","1330","Portage",10095,10095
"G3901350","1820","Ohio","390","Preble","1350","Preble",10237,10237
"G3901390","1820","Ohio","390","Richland","1390","Richland",9169,9169
"G3901410","1820","Ohio","390","Ross","1410","Ross",20619,20619
"G3901430","1820","Ohio","390","Sandusky","1430","Sandusky",852,852
"G3901450","1820","Ohio","390","Scioto","1450","Scioto",5750,5750
"G3901490","1820","Ohio","390","Shelby","1490","Shelby",2106,2106
"G3901510","1820","Ohio","390","Stark","1510","Stark",12406,12406
"G3901550","1820","Ohio","390","Trumbull","1550","Trumbull",15546,15546
"G3901570","1820","Ohio","390","Tuscarawas","1570","Tuscarawas",8328,8328
"G3901590","1820","Ohio","390","Union","1590","Union",1996,1996
"G3901650","1820","Ohio","390","Warren","1650","Warren",17837,17837
"G3901670","1820","Ohio","390","Washington","1670","Washington",10425,10425
"G3901690","1820","Ohio","390","Wayne","1690","Wayne",11933,11933
"G3901730","1820","Ohio","390","Wood","1730","Wood",733,733
"G4200010","1820","Pennsylvania","420","Adams","0010","Adams",19370,19370
"G4200030","1820","Pennsylvania","420","Allegheny","0030","Allegheny",34921,34921
"G4200050","1820","Pennsylvania","420","Armstrong","0050","Armstrong",10324,10324
"G4200070","1820","Pennsylvania","420","Beaver","0070","Beaver",15340,15340
"G4200090","1820","Pennsylvania","420","Bedford","0090","Bedford",20248,20248
"G4200110","1820","Pennsylvania","420","Berks","0110","Berks",46275,46275
"G4200150","1820","Pennsylvania","420","Bradford","0150","Bradford",11554,11554
"G4200170","1820","Pennsylvania","420","Bucks","0170","Bucks",37842,37842
"G4200190","1820","Pennsylvania","420","Butler","0190","Butler",10193,10193
"G4200210","1820","Pennsylvania","420","Cambria","0210","Cambria",3287,3287
"G4200270","1820","Pennsylvania","420","Centre","0270","Centre",13796,13796
"G4200290","1820","Pennsylvania","420","Chester","0290","Chester",44451,44451
"G4200330","1820","Pennsylvania","420","Clearfield","0330","Clearfield",2342,2342
"G4200370","1820","Pennsylvania","420","Columbia","0370","Columbia",17621,17621
"G4200390","1820","Pennsylvania","420","Crawford","0390","Crawford",9397,9397
"G4200410","1820","Pennsylvania","420","Cumberland","0410","Cumberland",23606,23606
"G4200430","1820","Pennsylvania","420","Dauphin","0430","Dauphin",21653,21653
"G4200450","1820","Pennsylvania","420","Delaware","0450","Delaware",14810,14810
"G4200490","1820","Pennsylvania","420","Erie","0490","Erie",8553,8553
"G4200510","1820","Pennsylvania","420","Fayette","0510","Fayette",27285,27285
"G4200550","1820","Pennsylvania","420","Franklin","0550","Franklin",31892,31892
"G4200590","1820","Pennsylvania","420","Greene","0590","Greene",15554,15554
"G4200610","1820","Pennsylvania","420","Huntingdon","0610","Huntingdon",20142,20142
"G4200630","1820","Pennsylvania","420","Indiana","0630","Indiana",8882,8882
"G4200650","1820","Pennsylvania","420","Jefferson","0650","Jefferson",561,561
"G4200710","1820","Pennsylvania","420","Lancaster","0710","Lancaster",68336,68336
"G4200750","1820","Pennsylvania","420","Lebanon","0750","Lebanon",16988,16988
"G4200770","1820","Pennsylvania","420","Lehigh","0770","Lehigh",18895,18895
"G4200790","1820","Pennsylvania","420","Luzerne","0790","Luzerne",20027,20027
"G4200810","1820","Pennsylvania","420","Lycoming","0810","Lycoming",13517,13517
"G4200830","1820","Pennsylvania","420","McKean","0830","Mckean",728,728
"G4200850","1820","Pennsylvania","420","Mercer","0850","Mercer",11681,11681
"G4200870","1820","Pennsylvania","420","Mifflin","0870","Mifflin",16618,16618
"G4200910","1820","Pennsylvania","420","Montgomery","0910","Montgomery",35793,35793
"G4200950","1820","Pennsylvania","420","Northampton","0950","Northampton",31765,31765
"G4200970","1820","Pennsylvania","420","Northumberland","0970","Northumberland",15424,15424
"G4200990","1820","Pennsylvania","420","Perry","0990","Perry",11342,11342
"G4201010","1820","Pennsylvania","420","Philadelphia","1010","Philadelphia",137097,137097
"G4201030","1820","Pennsylvania","420","Pike","1030","Pike",2894,2894
"G4201050","1820","Pennsylvania","420","Potter","1050","Potter",186,186
"G4201070","1820","Pennsylvania","420","Schuylkill","1070","Schuylkill",11339,11339
"G4201110","1820","Pennsylvania","420","Somerset","1110","Somerset",13974,13974
"G4201150","1820","Pennsylvania","420","Susquehanna","1150","Susquehanna",9960,9960
"G4201170","1820","Pennsylvania","420","Tioga","1170","Tioga",4021,4021
"G4201190","1820","Pennsylvania","420","Union","1190","Union",18619,18619
"G4201210","1820","Pennsylvania","420","Venango","1210","Venango",4915,4915
"G4201230","1820","Pennsylvania","420","Warren","1230","Warren",1976,1976
"G4201250","1820","Pennsylvania","420","Washington","1250","Washington",40038,40038
"G4201270","1820","Pennsylvania","420","Wayne","1270","Wayne",4127,4127
"G4201290","1820","Pennsylvania","420","Westmoreland","1290","Westmoreland",30540,30540
"G4201330","1820","Pennsylvania","420","York","1330","York",38759,38759
"G4400010","1820","Rhode Island","440","Bristol","0010","Bristol",5637,5637
"G4400030","1820","Rhode Island","440","Kent","0030","Kent",10228,10228
"G4400050","1820","Rhode Island","440","Newport","0050","Newport",15771,15771
"G4400070","1820","Rhode Island","440","Providence","0070","Providence",35736,35736
"G4400090","1820","Rhode Island","440","Washington","0090","Washington",15687,15687
"G4500010","1820","South Carolina","450","Abbeville","0010","Abbeville",23167,23167
"G4500110","1820","South Carolina","450","Barnwell","0110","Barnwell",14750,14750
"G4500130","1820","South Carolina","450","Beaufort","0130","Beaufort",32199,32199
"G4500190","1820","South Carolina","450","Charleston","0190","Charleston",80212,80212
"G4500230","1820","South Carolina","450","Chester","0230","Chester",14189,14189
"G4500250","1820","South Carolina","450","Chesterfield","0250","Chesterfield",6645,6645
"G4500290","1820","South Carolina","450","Colleton","0290","Colleton",26404,26404
"G4500310","1820","South Carolina","450","Darlington","0310","Darlington",10949,10949
"G4500370","1820","South Carolina","450","Edgefield","0370","Edgefield",25119,25119
"G4500390","1820","South Carolina","450","Fairfield","0390","Fairfield",17174,17174
"G4500430","1820","South Carolina","450","Georgetown","0430","Georgetown",17603,17603
"G4500450","1820","South Carolina","450","Greenville","0450","Greenville",14530,14530
"G4500510","1820","South Carolina","450","Horry","0510","Horry",5025,5025
"G4500550","1820","South Carolina","450","Kershaw","0550","Kershaw",12432,12432
"G4500570","1820","South Carolina","450","Lancaster","0570","Lancaster",8716,8716
"G4500590","1820","South Carolina","450","Laurens","0590","Laurens",17682,17682
"G4500630","1820","South Carolina","450","Lexington","0630","Lexington",8083,8083
"G4500670","1820","South Carolina","450","Marion","0670","Marion",10201,10201
"G4500690","1820","South Carolina","450","Marlboro","0690","Marlboro",6425,6425
"G4500710","1820","South Carolina","450","Newberry","0710","Newberry",16104,16104
"G4500750","1820","South Carolina","450","Orangeburg","0750","Orangeburg",15653,15653
"G4500755","1820","South Carolina","450","Pendleton","0755","Pendleton",27022,27022
"G4500790","1820","South Carolina","450","Richland","0790","Richland",12321,12321
"G4500830","1820","South Carolina","450","Spartanburg","0830","Spartanburg",16989,16989
"G4500850","1820","South Carolina","450","Sumter","0850","Sumter",25369,25369
"G4500870","1820","South Carolina","450","Union","0870","Union",14126,14126
"G4500890","1820","South Carolina","450","Williamsburg","0890","Williamsburg",8716,8716
"G4500910","1820","South Carolina","450","York","0910","York",14936,14936
"G4700010","1820","Tennessee","470","Anderson","0010","Anderson",4668,4668
"G4700030","1820","Tennessee","470","Bedford","0030","Bedford",16012,16012
"G4700070","1820","Tennessee","470","Bledsoe","0070","Bledsoe",4005,4005
"G4700090","1820","Tennessee","470","Blount","0090","Blount",11258,11258
"G4700130","1820","Tennessee","470","Campbell","0130","Campbell",4244,4244
"G4700190","1820","Tennessee","470","Carter","0190","Carter",4835,4835
"G4700250","1820","Tennessee","470","Claiborne","0250","Claiborne",5508,5508
"G4700290","1820","Tennessee","470","Cocke","0290","Cocke",4892,4892
"G4700370","1820","Tennessee","470","Davidson","0370","Davidson",20154,20154
"G4700430","1820","Tennessee","470","Dickson","0430","Dickson",5190,5190
"G4700510","1820","Tennessee","470","Franklin","0510","Franklin",16571,16571
"G4700550","1820","Tennessee","470","Giles","0550","Giles",12558,12558
"G4700570","1820","Tennessee","470","Grainger","0570","Grainger",7651,7651
"G4700590","1820","Tennessee","470","Greene","0590","Greene",11324,11324
"G4700650","1820","Tennessee","470","Hamilton","0650","Hamilton",821,821
"G4700710","1820","Tennessee","470","Hardin","0710","Hardin",1462,1462
"G4700730","1820","Tennessee","470","Hawkins","0730","Hawkins",10949,10949
"G4700810","1820","Tennessee","470","Hickman","0810","Hickman",6080,6080
"G4700850","1820","Tennessee","470","Humphreys","0850","Humphreys",4067,4067
"G4700870","1820","Tennessee","470","Jackson","0870","Jackson",7593,7593
"G4700890","1820","Tennessee","470","Jefferson","0890","Jefferson",8953,8953
"G4700930","1820","Tennessee","470","Knox","0930","Knox",13034,13034
"G4700990","1820","Tennessee","470","Lawrence","0990","Lawrence",3271,3271
"G4701030","1820","Tennessee","470","Lincoln","1030","Lincoln",14761,14761
"G4701070","1820","Tennessee","470","McMinn","1070","Mcminn",1623,1623
"G4701150","1820","Tennessee","470","Marion","1150","Marion",3888,3888
"G4701190","1820","Tennessee","470","Maury","1190","Maury",22141,22141
"G4701230","1820","Tennessee","470","Monroe","1230","Monroe",2529,2529
"G4701250","1820","Tennessee","470","Montgomery","1250","Montgomery",12219,12219
"G4701290","1820","Tennessee","470","Morgan","1290","Morgan",1676,1676
"G4701330","1820","Tennessee","470","Overton","1330","Overton",7128,7128
"G4701350","1820","Tennessee","470","Perry","1350","Perry",2384,2384
"G4701430","1820","Tennessee","470","Rhea","1430","Rhea",4215,4215
"G4701450","1820","Tennessee","470","Roane","1450","Roane",7895,7895
"G4701470","1820","Tennessee","470","Robertson","1470","Robertson",9938,9938
"G4701490","1820","Tennessee","470","Rutherford","1490","Rutherford",19552,19552
"G4701550","1820","Tennessee","470","Sevier","1550","Sevier",4772,4772
"G4701570","1820","Tennessee","470","Shelby","1570","Shelby",354,354
"G4701590","1820","Tennessee","470","Smith","1590","Smith",17580,17580
"G4701610","1820","Tennessee","470","Stewart","1610","Stewart",8397,8397
"G4701630","1820","Tennessee","470","Sullivan","1630","Sullivan",7015,7015
"G4701650","1820","Tennessee","470","Sumner","1650","Sumner",19211,19211
"G4701770","1820","Tennessee","470","Warren","1770","Warren",10348,10348
"G4701790","1820","Tennessee","470","Washington","1790","Washington",9557,9557
"G4701810","1820","Tennessee","470","Wayne","1810","Wayne",2459,2459
"G4701850","1820","Tennessee","470","White","1850","White",8701,8701
"G4701870","1820","Tennessee","470","Williamson","1870","Williamson",20640,20640
"G4701890","1820","Tennessee","470","Wilson","1890","Wilson",18730,18730
"G5000010","1820","Vermont","500","Addison","0010","Addison",20469,20469
"G5000030","1820","Vermont","500","Bennington","0030","Bennington",16125,16125
"G5000050","1820","Vermont","500","Caledonia","0050","Caledonia",16669,16669
"G5000070","1820","Vermont","500","Chittenden","0070","Chittenden",16055,16055
"G5000090","1820","Vermont","500","Essex","0090","Essex",3284,3284
"G5000110","1820","Vermont","500","Franklin","0110","Franklin",17192,17192
"G5000130","1820","Vermont","500","Grand Isle","0130","Grand Isle",3527,3527
"G5000170","1820","Vermont","500","Orange","0170","Orange",24681,24681
"G5000190","1820","Vermont","500","Orleans","0190","Orleans",6976,6976
"G5000210","1820","Vermont","500","Rutland","0210","Rutland",29983,29983
"G5000230","1820","Vermont","500","Washington","0230","Washington",14113,14113
"G5000250","1820","Vermont","500","Windham","0250","Windham",28457,28457
"G5000270","1820","Vermont","500","Windsor","0270","Windsor",38233,38233
"G5100010","1820","Virginia","510","Accomack","0010","Accomack",15966,15966
"G5100030","1820","Virginia","510","Albemarle","0030","Albemarle",19750,19750
"G5100070","1820","Virginia","510","Amelia","0070","Amelia",11104,11104
"G5100090","1820","Virginia","510","Amherst","0090","Amherst",10423,10423
"G5100150","1820","Virginia","510","Augusta","0150","Augusta",16742,16742
"G5100170","1820","Virginia","510","Bath","0170","Bath",5237,5237
"G5100190","1820","Virginia","510","Bedford","0190","Bedford",19305,19305
"G5100195","1820","Virginia","510","Berkeley","0195","Berkeley",11211,11211
"G5100230","1820","Virginia","510","Botetourt","0230","Botetourt",13589,13589
"G5100237","1820","Virginia","510","Brooke","0237","Brooke",6631,6631
"G5100250","1820","Virginia","510","Brunswick","0250","Brunswick",16687,16687
"G5100290","1820","Virginia","510","Buckingham","0290","Buckingham",17569,17569
"G5100293","1820","Virginia","510","Cabell","0293","Cabell",4789,4789
"G5100310","1820","Virginia","510","Campbell","0310","Campbell",16569,16569
"G5100330","1820","Virginia","510","Caroline","0330","Caroline",18008,18008
"G5100360","1820","Virginia","510","Charles City","0360","Charles City",5255,5255
"G5100370","1820","Virginia","510","Charlotte","0370","Charlotte",13290,13290
"G5100410","1820","Virginia","510","Chesterfield","0410","Chesterfield",18003,18003
"G5100470","1820","Virginia","510","Culpeper","0470","Culpeper",20944,20944
"G5100490","1820","Virginia","510","Cumberland","0490","Cumberland",11023,11023
"G5100530","1820","Virginia","510","Dinwiddie","0530","Dinwiddie",13792,13792
"G5100550","1820","Virginia","510","Elizabeth City","0550","Elizabeth City",3789,3789
"G5100570","1820","Virginia","510","Essex","0570","Essex",9909,9909
"G5100590","1820","Virginia","510","Fairfax","0590","Fairfax",11404,11404
"G5100610","1820","Virginia","510","Fauquier","0610","Fauquier",23103,23103
"G5100650","1820","Virginia","510","Fluvanna","0650","Fluvanna",6704,6704
"G5100670","1820","Virginia","510","Franklin","0670","Franklin",12017,12017
"G5100690","1820","Virginia","510","Frederick","0690","Frederick",24706,24706
"G5100710","1820","Virginia","510","Giles","0710","Giles",4521,4521
"G5100730","1820","Virginia","510","Gloucester","0730","Gloucester",9678,9678
"G5100750","1820","Virginia","510","Goochland","0750","Goochland",10007,10007
"G5100770","1820","Virginia","510","Grayson","0770","Grayson",5598,5598
"G5100775","1820","Virginia","510","Greenbrier","0775","Greenbrier",7041,7041
"G5100810","1820","Virginia","510","Greensville","0810","Greensville",6858,6858
"G5100830","1820","Virginia","510","Halifax","0830","Halifax",19060,19060
"G5100833","1820","Virginia","510","Hampshire","0833","Hampshire",10889,10889
"G5100850","1820","Virginia","510","Hanover","0850","Hanover",15267,15267
"G5100853","1820","Virginia","510","Hardy","0853","Hardy",5700,5700
"G5100857","1820","Virginia","510","Harrison","0857","Harrison",10932,10932
"G5100870","1820","Virginia","510","Henrico","0870","Henrico",11600,11600
"G5100890","1820","Virginia","510","Henry","0890","Henry",5624,5624
"G5100930","1820","Virginia","510","Isle Of Wight","0930","Isle Of Wight",10139,10139
"G5100950","1820","Virginia","510","James City","0950","James City",3161,3161
"G5100953","1820","Virginia","510","Jefferson","0953","Jefferson",13087,13087
"G5100957","1820","Virginia","510","Kanawha","0957","Kanawha",6399,6399
"G5100970","1820","Virginia","510","King And Queen","0970","King And Queen",11798,11798
"G5100990","1820","Virginia","510","King George","0990","King George",6116,6116
"G5101010","1820","Virginia","510","King William","1010","King William",9697,9697
"G5101030","1820","Virginia","510","Lancaster","1030","Lancaster",5517,5517
"G5101050","1820","Virginia","510","Lee","1050","Lee",4256,4256
"G5101053","1820","Virginia","510","Lewis","1053","Lewis",4247,4247
"G5101070","1820","Virginia","510","Loudoun","1070","Loudoun",22702,22702
"G5101090","1820","Virginia","510","Louisa","1090","Louisa",13746,13746
"G5101110","1820","Virginia","510","Lunenburg","1110","Lunenburg",10662,10662
"G5101130","1820","Virginia","510","Madison","1130","Madison",8490,8490
"G5101137","1820","Virginia","510","Mason","1137","Mason",4868,4868
"G5101150","1820","Virginia","510","Mathews","1150","Matthews",6920,6920
"G5101170","1820","Virginia","510","Mecklenburg","1170","Mecklenburg",19786,19786
"G5101190","1820","Virginia","510","Middlesex","1190","Middlesex",4057,4057
"G5101193","1820","Virginia","510","Monongalia","1193","Monongalia",11060,11060
"G5101197","1820","Virginia","510","Monroe","1197","Monroe",6620,6620
"G5101210","1820","Virginia","510","Montgomery","1210","Montgomery",8733,8733
"G5101215","1820","Virginia","510","Morgan","1215","Morgan",2500,2500
"G5101230","1820","Virginia","510","Nansemond","1230","Nansemond",10494,10494
"G5101250","1820","Virginia","510","Nelson","1250","Nelson",10137,10137
"G5101270","1820","Virginia","510","New Kent","1270","New Kent",6630,6630
"G5101275","1820","Virginia","510","Nicholas","1275","Nicholas",1853,1853
"G5101290","1820","Virginia","510","Norfolk","1290","Norfolk",15478,15478
"G5101310","1820","Virginia","510","Northampton","1310","Northampton",7705,7705
"G5101330","1820","Virginia","510","Northumberland","1330","Northumberland",8016,8016
"G5101350","1820","Virginia","510","Nottoway","1350","Nottoway",9658,9658
"G5101355","1820","Virginia","510","Ohio","1355","Ohio",9182,9182
"G5101370","1820","Virginia","510","Orange","1370","Orange",12913,12913
"G5101410","1820","Virginia","510","Patrick","1410","Patrick",5089,5089
"G5101415","1820","Virginia","510","Pendleton","1415","Pendleton",4846,4846
"G5101430","1820","Virginia","510","Pittsylvania","1430","Pittsylvania",21323,21323
"G5101450","1820","Virginia","510","Powhatan","1450","Powhatan",8292,8292
"G5101455","1820","Virginia","510","Preston","1455","Preston",3422,3422
"G5101470","1820","Virginia","510","Prince Edward","1470","Prince Edward",12577,12577
"G5101490","1820","Virginia","510","Prince George","1490","Prince George",8030,8030
"G5101510","1820","Virginia","510","Princess Anne","1510","Princess Anne",8768,8768
"G5101530","1820","Virginia","510","Prince William","1530","Prince William",9419,9419
"G5101557","1820","Virginia","510","Randolph","1557","Randolph",3357,3357
"G5101590","1820","Virginia","510","Richmond","1590","Richmond",5706,5706
"G5101630","1820","Virginia","510","Rockbridge","1630","Rockbridge",11945,11945
"G5101650","1820","Virginia","510","Rockingham","1650","Rockingham",14784,14784
"G5101670","1820","Virginia","510","Russell","1670","Russell",5536,5536
"G5101690","1820","Virginia","510","Scott","1690","Scott",4263,4263
"G5101710","1820","Virginia","510","Shenandoah","1710","Shenandoah",18926,18926
"G5101750","1820","Virginia","510","Southampton","1750","Southampton",14170,14170
"G5101770","1820","Virginia","510","Spotsylvania","1770","Spotsylvania",14254,14254
"G5101790","1820","Virginia","510","Stafford","1790","Stafford",9517,9517
"G5101810","1820","Virginia","510","Surry","1810","Surry",6594,6594
"G5101830","1820","Virginia","510","Sussex","1830","Sussex",11884,11884
"G5101850","1820","Virginia","510","Tazewell","1850","Tazewell",3916,3916
"G5101855","1820","Virginia","510","Tyler","1855","Tyler",2314,2314
"G5101890","1820","Virginia","510","Warwick","1890","Warwick",1608,1608
"G5101910","1820","Virginia","510","Washington","1910","Washington",12444,12444
"G5101930","1820","Virginia","510","Westmoreland","1930","Westmoreland",6901,6901
"G5101953","1820","Virginia","510","Wood","1953","Wood",5860,5860
"G5101970","1820","Virginia","510","Wythe","1970","Wythe",9692,9692
"G5101990","1820","Virginia","510","York","1990","York",4384,4384
"G5107100","1820","Virginia","510","Norfolk City","7100","Norfolk City",8478,8478
"G5107300","1820","Virginia","510","Petersburg City","7300","Petersburg City",6690,6690
"G5107600","1820","Virginia","510","Richmond City","7600","Richmond City",12067,12067
"G5108300","1820","Virginia","510","Williamsburg City","8300","Williamsburg City",1402,1402
