GISJOIN,YEAR,STATE,STATEA,COUNTY,COUNTYA,AREANAME,AA1001,AA3001,AA8001
"G0900010","1810","Connecticut","090","Fairfield","0010","Fairfield",41050,40950,41050
"G0900030","1810","Connecticut","090","Hartford","0030","Hartford",44733,44733,44733
"G0900050","1810","Connecticut","090","Litchfield","0050","Litchfield",41375,41375,41375
"G0900070","1810","Connecticut","090","Middlesex","0070","Middlesex",20723,20723,20723
"G0900090","1810","Connecticut","090","New Haven","0090","New Haven",37064,37064,37064
"G0900110","1810","Connecticut","090","New London","0110","New London",34707,34707,34707
"G0900130","1810","Connecticut","090","Tolland","0130","Tolland",13779,13779,13779
"G0900150","1810","Connecticut","090","Windham","0150","Windham",28611,28611,28611
"G1000010","1810","Delaware","100","Kent","0010","Kent",20495,20495,20495
"G1000030","1810","Delaware","100","New Castle","0030","New Castle",24429,24429,24429
"G1000050","1810","Delaware","100","Sussex","0050","Sussex",27750,27750,27750
"G1100005","1810","District Of Columbia","110","Alexandria","0005","Alexandria",7227,7227,7227
"G1100017","1810","District Of Columbia","110","Georgetown","0017","Georgetown",4948,4948,4948
"G1100055","1810","District Of Columbia","110","Rural Fairfax County","0055","Rural Fairfax County",1325,1325,1325
"G1100075","1810","District Of Columbia","110","Rural Washington county","0075","Rural Washington county",2315,2315,2315
"G1100115","1810","District Of Columbia","110","Washington City","0115","Washington City",8208,8208,8208
"G1300090","1810","Georgia","130","Baldwin","0090","Baldwin",6356,6356,6356
"G1300290","1810","Georgia","130","Bryan","0290","Bryan",2827,2827,2827
"G1300310","1810","Georgia","130","Bulloch","0310","Bulloch",2305,2305,2305
"G1300330","1810","Georgia","130","Burke","0330","Burke",10858,10858,10858
"G1300390","1810","Georgia","130","Camden","0390","Camden",3941,3941,3941
"G1300510","1810","Georgia","130","Chatham","0510","Chatham",13540,13540,13540
"G1300590","1810","Georgia","130","Clarke","0590","Clarke",7628,7628,7628
"G1300730","1810","Georgia","130","Columbia","0730","Columbia",11242,11242,11242
"G1301030","1810","Georgia","130","Effingham","1030","Effingham",2586,2586,2586
"G1301050","1810","Georgia","130","Elbert","1050","Elbert",12156,12156,12156
"G1301190","1810","Georgia","130","Franklin","1190","Franklin",10815,10815,10815
"G1301270","1810","Georgia","130","Glynn","1270","Glynn",3417,3417,3417
"G1301330","1810","Georgia","130","Greene","1330","Greene",11679,11679,11679
"G1301410","1810","Georgia","130","Hancock","1410","Hancock",13330,13330,13330
"G1301570","1810","Georgia","130","Jackson","1570","Jackson",10569,10569,10569
"G1301630","1810","Georgia","130","Jefferson","1630","Jefferson",6111,6111,6111
"G1301690","1810","Georgia","130","Jones","1690","Jones",8597,8597,8597
"G1301750","1810","Georgia","130","Laurens","1750","Laurens",2210,2210,2210
"G1301790","1810","Georgia","130","Liberty","1790","Liberty",6228,6228,6228
"G1301810","1810","Georgia","130","Lincoln","1810","Lincoln",4555,4555,4555
"G1301910","1810","Georgia","130","McIntosh","1910","Mcintosh",3739,3739,3739
"G1302090","1810","Georgia","130","Montgomery","2090","Montgomery",2954,2954,2954
"G1302110","1810","Georgia","130","Morgan","2110","Morgan",8369,8369,8369
"G1302210","1810","Georgia","130","Oglethorpe","2210","Oglethorpe",12297,12297,12297
"G1302350","1810","Georgia","130","Pulaski","2350","Pulaski",2093,2093,2093
"G1302370","1810","Georgia","130","Putnam","2370","Putnam",10029,10029,10029
"G1302435","1810","Georgia","130","Randolph (old)","2435","Randolph (old)",7573,7573,7573
"G1302450","1810","Georgia","130","Richmond","2450","Richmond",6189,6189,6189
"G1302510","1810","Georgia","130","Screven","2510","Screven",4477,4477,4477
"G1302670","1810","Georgia","130","Tattnall","2670","Tattnall",2206,2206,2206
"G1302710","1810","Georgia","130","Telfair","2710","Telfair",744,744,744
"G1302890","1810","Georgia","130","Twiggs","2890","Twiggs",3405,3405,3405
"G1302970","1810","Georgia","130","Walton","2970","Walton",1026,1026,1026
"G1303010","1810","Georgia","130","Warren","3010","Warren",8725,8725,8725
"G1303030","1810","Georgia","130","Washington","3030","Washington",9940,9940,9940
"G1303050","1810","Georgia","130","Wayne","3050","Wayne",676,676,676
"G1303170","1810","Georgia","130","Wilkes","3170","Wilkes",14887,14887,14887
"G1303190","1810","Georgia","130","Wilkinson","3190","Wilkinson",2154,2154,2154
"G1750115","1810","Illinois Territory","175","Randolph","0115","Randolph",7275,7275,7275
"G1750135","1810","Illinois Territory","175","St Clair","0135","St Clair",5007,5007,5007
"G1850035","1810","Indiana Territory","185","Clark","0035","Clark",5670,5670,5670
"G1850075","1810","Indiana Territory","185","Dearborn","0075","Dearborn",7310,7310,7310
"G1850095","1810","Indiana Territory","185","Harrison","0095","Harrison",3595,3595,3595
"G1850115","1810","Indiana Territory","185","Knox","0115","Knox",7945,7945,7945
"G2100010","1810","Kentucky","210","Adair","0010","Adair",6011,6011,6011
"G2100090","1810","Kentucky","210","Barren","0090","Barren",11286,11286,11286
"G2100150","1810","Kentucky","210","Boone","0150","Boone",3608,3608,3608
"G2100170","1810","Kentucky","210","Bourbon","0170","Bourbon",18009,18009,18009
"G2100230","1810","Kentucky","210","Bracken","0230","Bracken",3706,3706,3706
"G2100270","1810","Kentucky","210","Breckinridge","0270","Breckinridge",3430,3430,3430
"G2100290","1810","Kentucky","210","Bullitt","0290","Bullitt",4311,4311,4311
"G2100310","1810","Kentucky","210","Butler","0310","Butler",2181,2181,2181
"G2100330","1810","Kentucky","210","Caldwell","0330","Caldwell",4268,4268,4268
"G2100370","1810","Kentucky","210","Campbell","0370","Campbell",3473,3473,3473
"G2100450","1810","Kentucky","210","Casey","0450","Casey",3285,3285,3285
"G2100470","1810","Kentucky","210","Christian","0470","Christian",11020,11020,11020
"G2100490","1810","Kentucky","210","Clark","0490","Clark",11519,11519,11519
"G2100510","1810","Kentucky","210","Clay","0510","Clay",2398,2398,2398
"G2100570","1810","Kentucky","210","Cumberland","0570","Cumberland",6191,6191,6191
"G2100650","1810","Kentucky","210","Estill","0650","Estill",2082,2082,2082
"G2100670","1810","Kentucky","210","Fayette","0670","Fayette",21370,21370,21370
"G2100690","1810","Kentucky","210","Fleming","0690","Fleming",8947,8947,8947
"G2100710","1810","Kentucky","210","Floyd","0710","Floyd",3485,3485,3485
"G2100730","1810","Kentucky","210","Franklin","0730","Franklin",8013,8013,8013
"G2100770","1810","Kentucky","210","Gallatin","0770","Gallatin",3307,3307,3307
"G2100790","1810","Kentucky","210","Garrard","0790","Garrard",9186,9186,9186
"G2100850","1810","Kentucky","210","Grayson","0850","Grayson",2301,2301,2301
"G2100870","1810","Kentucky","210","Green","0870","Green",6735,6735,6735
"G2100890","1810","Kentucky","210","Greenup","0890","Greenup",2369,2369,2369
"G2100930","1810","Kentucky","210","Hardin","0930","Hardin",7531,7531,7531
"G2100970","1810","Kentucky","210","Harrison","0970","Harrison",7752,7752,7752
"G2101010","1810","Kentucky","210","Henderson","1010","Henderson",4703,4703,4703
"G2101030","1810","Kentucky","210","Henry","1030","Henry",6777,6777,6777
"G2101070","1810","Kentucky","210","Hopkins","1070","Hopkins",2964,2964,2964
"G2101110","1810","Kentucky","210","Jefferson","1110","Jefferson",13399,13399,13399
"G2101130","1810","Kentucky","210","Jessamine","1130","Jessamine",8377,8377,8377
"G2101210","1810","Kentucky","210","Knox","1210","Knox",5875,5875,5875
"G2101350","1810","Kentucky","210","Lewis","1350","Lewis",2357,2357,2357
"G2101370","1810","Kentucky","210","Lincoln","1370","Lincoln",8676,8676,8676
"G2101390","1810","Kentucky","210","Livingston","1390","Livingston",3674,3674,3674
"G2101410","1810","Kentucky","210","Logan","1410","Logan",12123,12123,12123
"G2101510","1810","Kentucky","210","Madison","1510","Madison",15540,15540,15540
"G2101610","1810","Kentucky","210","Mason","1610","Mason",12459,12459,12459
"G2101670","1810","Kentucky","210","Mercer","1670","Mercer",12630,12630,12630
"G2101730","1810","Kentucky","210","Montgomery","1730","Montgomery",12975,12975,12975
"G2101770","1810","Kentucky","210","Muhlenberg","1770","Muhlenberg",4181,4181,4181
"G2101790","1810","Kentucky","210","Nelson","1790","Nelson",14078,14078,14078
"G2101810","1810","Kentucky","210","Nicholas","1810","Nicholas",4898,4898,4898
"G2101830","1810","Kentucky","210","Ohio","1830","Ohio",3792,3792,3792
"G2101910","1810","Kentucky","210","Pendleton","1910","Pendleton",3061,3061,3061
"G2101990","1810","Kentucky","210","Pulaski","1990","Pulaski",6897,6897,6897
"G2102030","1810","Kentucky","210","Rockcastle","2030","Rockcastle",1731,1731,1731
"G2102090","1810","Kentucky","210","Scott","2090","Scott",12419,12419,12419
"G2102110","1810","Kentucky","210","Shelby","2110","Shelby",14877,14877,14877
"G2102270","1810","Kentucky","210","Warren","2270","Warren",11937,11937,11937
"G2102290","1810","Kentucky","210","Washington","2290","Washington",13248,13248,13248
"G2102310","1810","Kentucky","210","Wayne","2310","Wayne",5430,5430,5430
"G2102390","1810","Kentucky","210","Woodford","2390","Woodford",9659,9659,9659
"G2250005","1810","Louisiana Territory","225","Arkansas","0005","Arkansas",874,874,874
"G2250015","1810","Louisiana Territory","225","Cape Girardeau","0015","Cape Girardeau",3888,3888,3888
"G2250035","1810","Louisiana Territory","225","New Madrid","0035","New Madrid",2103,2103,2103
"G2250055","1810","Louisiana Territory","225","St Charles","0055","St Charles",3505,3505,3505
"G2250075","1810","Louisiana Territory","225","Ste Genevieve","0075","Ste Genevieve",4620,4620,4620
"G2250095","1810","Louisiana Territory","225","St Louis","0095","St Louis",5667,5667,5667
"G2258005","1810","Louisiana Territory","225","Hopefield - St Francis","8005","Hopefield - St Francis",188,188,188
"G2400010","1810","Maryland","240","Allegany","0010","Allegany",6909,6909,6909
"G2400030","1810","Maryland","240","Anne Arundel","0030","Anne Arundel",26668,26668,26668
"G2400050","1810","Maryland","240","Baltimore","0050","Baltimore",29255,29255,29255
"G2400090","1810","Maryland","240","Calvert","0090","Calvert",8005,8005,8005
"G2400110","1810","Maryland","240","Caroline","0110","Caroline",9453,9453,9453
"G2400150","1810","Maryland","240","Cecil","0150","Cecil",13066,13066,13066
"G2400170","1810","Maryland","240","Charles","0170","Charles",20245,20245,20245
"G2400190","1810","Maryland","240","Dorchester","0190","Dorchester",18108,18108,18108
"G2400210","1810","Maryland","240","Frederick","0210","Frederick",34437,34437,34437
"G2400250","1810","Maryland","240","Harford","0250","Harford",21258,21258,21258
"G2400290","1810","Maryland","240","Kent","0290","Kent",11450,11450,11450
"G2400310","1810","Maryland","240","Montgomery","0310","Montgomery",17980,17980,17980
"G2400330","1810","Maryland","240","Prince Georges","0330","Prince Georges",20589,20589,20589
"G2400350","1810","Maryland","240","Queen Anne's","0350","Queen Anne's",16648,16648,16648
"G2400370","1810","Maryland","240","St Mary's","0370","St Mary's",12794,12794,12794
"G2400390","1810","Maryland","240","Somerset","0390","Somerset",17195,17195,17195
"G2400410","1810","Maryland","240","Talbot","0410","Talbot",14230,14230,14230
"G2400430","1810","Maryland","240","Washington","0430","Washington",18730,18730,18730
"G2400470","1810","Maryland","240","Worcester","0470","Worcester",16971,16971,16971
"G2405100","1810","Maryland","240","Baltimore City","5100","Baltimore City",46555,46555,46555
"G2500010","1810","Massachusetts","250","Barnstable","0010","Barnstable",22211,22211,22211
"G2500030","1810","Massachusetts","250","Berkshire","0030","Berkshire",35907,35907,35907
"G2500050","1810","Massachusetts","250","Bristol","0050","Bristol",37168,37168,37168
"G2500055","1810","Massachusetts","250","Cumberland","0055","Cumberland",42831,42831,42831
"G2500070","1810","Massachusetts","250","Dukes","0070","Dukes",3290,3290,3290
"G2500090","1810","Massachusetts","250","Essex","0090","Essex",71888,71888,71888
"G2500150","1810","Massachusetts","250","Hampshire","0150","Hampshire",76275,76275,76275
"G2500153","1810","Massachusetts","250","Hancock","0153","Hancock",30031,30031,30031
"G2500155","1810","Massachusetts","250","Kennebec","0155","Kennebec",32564,32564,32564
"G2500157","1810","Massachusetts","250","Lincoln","0157","Lincoln",42992,42992,42992
"G2500170","1810","Massachusetts","250","Middlesex","0170","Middlesex",52789,52789,52789
"G2500190","1810","Massachusetts","250","Nantucket","0190","Nantucket",6807,6807,6807
"G2500210","1810","Massachusetts","250","Norfolk","0210","Norfolk",31245,31245,31245
"G2500215","1810","Massachusetts","250","Oxford","0215","Oxford",17630,17630,17630
"G2500230","1810","Massachusetts","250","Plymouth","0230","Plymouth",35169,35169,35169
"G2500235","1810","Massachusetts","250","Somerset","0235","Somerset",12910,12910,12910
"G2500250","1810","Massachusetts","250","Suffolk","0250","Suffolk",34381,34381,34381
"G2500255","1810","Massachusetts","250","Washington","0255","Washington",7870,7870,7870
"G2500270","1810","Massachusetts","250","Worcester","0270","Worcester",64910,64910,64910
"G2500275","1810","Massachusetts","250","York","0275","York",41877,41877,41877
"G2509993","1810","Massachusetts","250","Massachusetts (ME part) [multi-county reporting area ]","9993","Massachusetts [ME part] - multi-county group",228705,228705,228705
"G2509997","1810","Massachusetts","250","Massachusetts (non-ME part) [multi-county reporting area]","9997","Massachusetts [non-ME part] - multi-county group",472040,472040,472040
"G2650115","1810","Michigan Territory","265","Detroit District","0115","Detroit District",2227,2227,2227
"G2650135","1810","Michigan Territory","265","Erie District","0135","Erie District",1340,1340,1340
"G2650155","1810","Michigan Territory","265","Huron District","0155","Huron District",580,580,580
"G2650235","1810","Michigan Territory","265","Michilimackinac","0235","Michilimackinac",615,615,615
"G2850015","1810","Mississippi Territory","285","Adams","0015","Adams",10002,10002,10002
"G2850035","1810","Mississippi Territory","285","Amite","0035","Amite",4750,4750,4750
"G2850055","1810","Mississippi Territory","285","Baldwin","0055","Baldwin",1427,1427,1427
"G2850075","1810","Mississippi Territory","285","Claiborne","0075","Claiborne",3102,3102,3102
"G2850095","1810","Mississippi Territory","285","Franklin","0095","Franklin",2016,2016,2016
"G2850115","1810","Mississippi Territory","285","Jefferson","0115","Jefferson",4001,4001,4001
"G2850135","1810","Mississippi Territory","285","Madison","0135","Madison",4699,4699,4699
"G2850175","1810","Mississippi Territory","285","Warren","0175","Warren",1114,1114,1114
"G2850195","1810","Mississippi Territory","285","Washington","0195","Washington",2920,2920,2920
"G2850215","1810","Mississippi Territory","285","Wayne","0215","Wayne",1253,1253,1253
"G2850235","1810","Mississippi Territory","285","Wilkinson","0235","Wilkinson",5068,5068,5068
"G3300050","1810","New Hampshire","330","Cheshire","0050","Cheshire",40988,40988,40988
"G3300070","1810","New Hampshire","330","Coos","0070","Coos",3991,3991,3991
"G3300090","1810","New Hampshire","330","Grafton","0090","Grafton",28462,28462,28462
"G3300110","1810","New Hampshire","330","Hillsborough","0110","Hillsborough",49149,49249,49149
"G3300150","1810","New Hampshire","330","Rockingham","0150","Rockingham",50175,50175,50175
"G3300170","1810","New Hampshire","330","Strafford","0170","Strafford",41595,41595,41595
"G3400030","1810","New Jersey","340","Bergen","0030","Bergen",16603,16603,16603
"G3400050","1810","New Jersey","340","Burlington","0050","Burlington",24972,24979,24972
"G3400090","1810","New Jersey","340","Cape May","0090","Cape May",3632,3632,3632
"G3400110","1810","New Jersey","340","Cumberland","0110","Cumberland",12670,12670,12670
"G3400130","1810","New Jersey","340","Essex","0130","Essex",25984,25984,25984
"G3400150","1810","New Jersey","340","Gloucester","0150","Gloucester",19744,19744,19744
"G3400190","1810","New Jersey","340","Hunterdon","0190","Hunterdon",24556,24556,24556
"G3400230","1810","New Jersey","340","Middlesex","0230","Middlesex",20381,20381,20381
"G3400250","1810","New Jersey","340","Monmouth","0250","Monmouth",22150,22150,22150
"G3400270","1810","New Jersey","340","Morris","0270","Morris",21828,21828,21828
"G3400330","1810","New Jersey","340","Salem","0330","Salem",12761,12761,12761
"G3400350","1810","New Jersey","340","Somerset","0350","Somerset",14725,14725,14725
"G3400370","1810","New Jersey","340","Sussex","0370","Sussex",25549,25549,25549
"G3600010","1810","New York","360","Albany","0010","Albany",34661,34661,34661
"G3600030","1810","New York","360","Allegany","0030","Allegany",1942,1942,1942
"G3600070","1810","New York","360","Broome","0070","Broome",8130,8130,8130
"G3600110","1810","New York","360","Cayuga","0110","Cayuga",29843,29843,29843
"G3600170","1810","New York","360","Chenango","0170","Chenango",21704,21704,21704
"G3600190","1810","New York","360","Clinton","0190","Clinton",8002,8002,8002
"G3600210","1810","New York","360","Columbia","0210","Columbia",32390,32390,32390
"G3600230","1810","New York","360","Cortland","0230","Cortland",8869,8869,8869
"G3600250","1810","New York","360","Delaware","0250","Delaware",20303,20303,20303
"G3600270","1810","New York","360","Dutchess","0270","Dutchess",51363,51363,51363
"G3600310","1810","New York","360","Essex","0310","Essex",9477,9477,9477
"G3600330","1810","New York","360","Franklin","0330","Franklin",2617,2617,2617
"G3600370","1810","New York","360","Genesee","0370","Genesee",12588,12588,12588
"G3600390","1810","New York","360","Greene","0390","Greene",19536,19536,19536
"G3600430","1810","New York","360","Herkimer","0430","Herkimer",22046,22046,22046
"G3600450","1810","New York","360","Jefferson","0450","Jefferson",15140,15140,15140
"G3600470","1810","New York","360","Kings","0470","Kings",8303,8303,8303
"G3600490","1810","New York","360","Lewis","0490","Lewis",6433,6433,6433
"G3600530","1810","New York","360","Madison","0530","Madison",25144,25144,25144
"G3600570","1810","New York","360","Montgomery","0570","Montgomery",41214,41214,41214
"G3600610","1810","New York","360","New York","0610","New York",96373,96373,96373
"G3600630","1810","New York","360","Niagara","0630","Niagara",8971,8971,8971
"G3600650","1810","New York","360","Oneida","0650","Oneida",33792,33792,33792
"G3600670","1810","New York","360","Onondaga","0670","Onondaga",25987,25987,25987
"G3600690","1810","New York","360","Ontario","0690","Ontario",42032,42032,42032
"G3600710","1810","New York","360","Orange","0710","Orange",34347,34347,34347
"G3600770","1810","New York","360","Otsego","0770","Otsego",38802,38802,38802
"G3600810","1810","New York","360","Queens","0810","Queens",19336,19336,19336
"G3600830","1810","New York","360","Rensselaer","0830","Rensselaer",36309,36309,36309
"G3600850","1810","New York","360","Richmond","0850","Richmond",5347,5347,5347
"G3600870","1810","New York","360","Rockland","0870","Rockland",7758,7758,7758
"G3600890","1810","New York","360","St Lawrence","0890","St Lawrence",7885,7885,7885
"G3600910","1810","New York","360","Saratoga","0910","Saratoga",33147,33147,33147
"G3600930","1810","New York","360","Schenectady","0930","Schenectady",10201,10201,10201
"G3600950","1810","New York","360","Schoharie","0950","Schoharie",18945,18945,18945
"G3600990","1810","New York","360","Seneca","0990","Seneca",16609,16609,16609
"G3601010","1810","New York","360","Steuben","1010","Steuben",7246,7246,7246
"G3601030","1810","New York","360","Suffolk","1030","Suffolk",21113,21113,21113
"G3601050","1810","New York","360","Sullivan","1050","Sullivan",6108,6108,6108
"G3601070","1810","New York","360","Tioga","1070","Tioga",7899,7899,7899
"G3601110","1810","New York","360","Ulster","1110","Ulster",26576,26576,26576
"G3601150","1810","New York","360","Washington","1150","Washington",44289,44289,44289
"G3601190","1810","New York","360","Westchester","1190","Westchester",30272,30272,30272
"G3700070","1810","North Carolina","370","Anson","0070","Anson",8831,8831,8831
"G3700090","1810","North Carolina","370","Ashe","0090","Ashe",3694,3694,3694
"G3700130","1810","North Carolina","370","Beaufort","0130","Beaufort",7203,7203,7203
"G3700150","1810","North Carolina","370","Bertie","0150","Bertie",11218,11218,11218
"G3700170","1810","North Carolina","370","Bladen","0170","Bladen",5671,5671,5671
"G3700190","1810","North Carolina","370","Brunswick","0190","Brunswick",4778,4778,4778
"G3700210","1810","North Carolina","370","Buncombe","0210","Buncombe",9277,9277,9277
"G3700230","1810","North Carolina","370","Burke","0230","Burke",11007,11007,11007
"G3700250","1810","North Carolina","370","Cabarrus","0250","Cabarrus",6158,6158,6158
"G3700290","1810","North Carolina","370","Camden","0290","Camden",5347,5347,5347
"G3700310","1810","North Carolina","370","Carteret","0310","Carteret",4823,4823,4823
"G3700330","1810","North Carolina","370","Caswell","0330","Caswell",11757,11757,11757
"G3700370","1810","North Carolina","370","Chatham","0370","Chatham",12977,12977,12977
"G3700410","1810","North Carolina","370","Chowan","0410","Chowan",5297,5297,5297
"G3700470","1810","North Carolina","370","Columbus","0470","Columbus",3022,3022,3022
"G3700490","1810","North Carolina","370","Craven","0490","Craven",12676,12676,12676
"G3700510","1810","North Carolina","370","Cumberland","0510","Cumberland",9382,9382,9382
"G3700530","1810","North Carolina","370","Currituck","0530","Currituck",6985,6985,6985
"G3700610","1810","North Carolina","370","Duplin","0610","Duplin",7863,7863,7863
"G3700650","1810","North Carolina","370","Edgecombe","0650","Edgecombe",12423,12423,12423
"G3700690","1810","North Carolina","370","Franklin","0690","Franklin",10166,10166,10166
"G3700730","1810","North Carolina","370","Gates","0730","Gates",5965,5965,5965
"G3700770","1810","North Carolina","370","Granville","0770","Granville",15576,15576,15576
"G3700790","1810","North Carolina","370","Greene","0790","Greene",4867,4867,4867
"G3700810","1810","North Carolina","370","Guilford","0810","Guilford",11420,11420,11420
"G3700830","1810","North Carolina","370","Halifax","0830","Halifax",13620,13620,13620
"G3700870","1810","North Carolina","370","Haywood","0870","Haywood",2780,2780,2780
"G3700910","1810","North Carolina","370","Hertford","0910","Hertford",6052,6052,6052
"G3700950","1810","North Carolina","370","Hyde","0950","Hyde",6029,6029,6029
"G3700970","1810","North Carolina","370","Iredell","0970","Iredell",10972,10972,10972
"G3701010","1810","North Carolina","370","Johnston","1010","Johnston",6867,6867,6867
"G3701030","1810","North Carolina","370","Jones","1030","Jones",4968,4968,4968
"G3701070","1810","North Carolina","370","Lenoir","1070","Lenoir",5572,5572,5572
"G3701090","1810","North Carolina","370","Lincoln","1090","Lincoln",16359,16359,16359
"G3701170","1810","North Carolina","370","Martin","1170","Martin",5987,5987,5987
"G3701190","1810","North Carolina","370","Mecklenburg","1190","Mecklenburg",14272,14272,14272
"G3701230","1810","North Carolina","370","Montgomery","1230","Montgomery",8430,8430,8430
"G3701250","1810","North Carolina","370","Moore","1250","Moore",6367,6367,6367
"G3701270","1810","North Carolina","370","Nash","1270","Nash",7268,7268,7268
"G3701290","1810","North Carolina","370","New Hanover","1290","New Hanover",11465,11465,11465
"G3701310","1810","North Carolina","370","Northampton","1310","Northampton",13082,13082,13082
"G3701330","1810","North Carolina","370","Onslow","1330","Onslow",6669,6669,6669
"G3701350","1810","North Carolina","370","Orange","1350","Orange",20135,20135,20135
"G3701390","1810","North Carolina","370","Pasquotank","1390","Pasquotank",7674,7674,7674
"G3701430","1810","North Carolina","370","Perquimans","1430","Perquimans",6052,6052,6052
"G3701450","1810","North Carolina","370","Person","1450","Person",6642,6642,6642
"G3701470","1810","North Carolina","370","Pitt","1470","Pitt",9169,9169,9169
"G3701510","1810","North Carolina","370","Randolph","1510","Randolph",10112,10112,10112
"G3701530","1810","North Carolina","370","Richmond","1530","Richmond",6695,6695,6695
"G3701550","1810","North Carolina","370","Robeson","1550","Robeson",7528,7528,7528
"G3701570","1810","North Carolina","370","Rockingham","1570","Rockingham",10316,10316,10316
"G3701590","1810","North Carolina","370","Rowan","1590","Rowan",21543,21543,21543
"G3701610","1810","North Carolina","370","Rutherford","1610","Rutherford",13202,13202,13202
"G3701630","1810","North Carolina","370","Sampson","1630","Sampson",6620,6620,6620
"G3701690","1810","North Carolina","370","Stokes","1690","Stokes",11645,11645,11645
"G3701710","1810","North Carolina","370","Surry","1710","Surry",10366,10366,10366
"G3701770","1810","North Carolina","370","Tyrrell","1770","Tyrrell",3364,3364,3364
"G3701830","1810","North Carolina","370","Wake","1830","Wake",17086,17086,17086
"G3701850","1810","North Carolina","370","Warren","1850","Warren",11004,11004,11004
"G3701870","1810","North Carolina","370","Washington","1870","Washington",3464,3464,3464
"G3701910","1810","North Carolina","370","Wayne","1910","Wayne",8687,8687,8687
"G3701930","1810","North Carolina","370","Wilkes","1930","Wilkes",9054,9054,9054
"G3900010","1810","Ohio","390","Adams","0010","Adams",9434,9434,9434
"G3900090","1810","Ohio","390","Athens","0090","Athens",2791,2791,2791
"G3900130","1810","Ohio","390","Belmont","0130","Belmont",11097,11097,11097
"G3900170","1810","Ohio","390","Butler","0170","Butler",11150,11150,11150
"G3900210","1810","Ohio","390","Champaign","0210","Champaign",6303,6303,6303
"G3900250","1810","Ohio","390","Clermont","0250","Clermont",9965,9965,9965
"G3900270","1810","Ohio","390","Clinton","0270","Clinton",2674,2674,2674
"G3900290","1810","Ohio","390","Columbiana","0290","Columbiana",10878,10878,10878
"G3900350","1810","Ohio","390","Cuyahoga","0350","Cuyahoga",1459,1459,1459
"G3900410","1810","Ohio","390","Delaware","0410","Delaware",2000,2000,2000
"G3900450","1810","Ohio","390","Fairfield","0450","Fairfield",11361,11361,11361
"G3900470","1810","Ohio","390","Fayette","0470","Fayette",1854,1854,1854
"G3900490","1810","Ohio","390","Franklin","0490","Franklin",3486,3486,3486
"G3900530","1810","Ohio","390","Gallia","0530","Gallia",4181,4181,4181
"G3900550","1810","Ohio","390","Geauga","0550","Geauga",2917,2917,2917
"G3900570","1810","Ohio","390","Greene","0570","Greene",5870,5870,5870
"G3900590","1810","Ohio","390","Guernsey","0590","Guernsey",3051,3051,3051
"G3900610","1810","Ohio","390","Hamilton","0610","Hamilton",15258,15258,15258
"G3900710","1810","Ohio","390","Highland","0710","Highland",5766,5766,5766
"G3900810","1810","Ohio","390","Jefferson","0810","Jefferson",17260,17260,17260
"G3900830","1810","Ohio","390","Knox","0830","Knox",2149,2149,2149
"G3900890","1810","Ohio","390","Licking","0890","Licking",3852,3852,3852
"G3900970","1810","Ohio","390","Madison","0970","Madison",1603,1603,1603
"G3901090","1810","Ohio","390","Miami","1090","Miami",3941,3941,3941
"G3901130","1810","Ohio","390","Montgomery","1130","Montgomery",7722,7722,7722
"G3901190","1810","Ohio","390","Muskingum","1190","Muskingum",10036,10036,10036
"G3901290","1810","Ohio","390","Pickaway","1290","Pickaway",7124,7124,7124
"G3901330","1810","Ohio","390","Portage","1330","Portage",2995,2995,2995
"G3901350","1810","Ohio","390","Preble","1350","Preble",3304,3304,3304
"G3901410","1810","Ohio","390","Ross","1410","Ross",15514,15514,15514
"G3901450","1810","Ohio","390","Scioto","1450","Scioto",3399,3399,3399
"G3901510","1810","Ohio","390","Stark","1510","Stark",2734,2734,2734
"G3901550","1810","Ohio","390","Trumbull","1550","Trumbull",8671,8671,8671
"G3901570","1810","Ohio","390","Tuscarawas","1570","Tuscarawas",3045,3045,3045
"G3901650","1810","Ohio","390","Warren","1650","Warren",9925,9925,9925
"G3901670","1810","Ohio","390","Washington","1670","Washington",5991,5991,5991
"G4170015","1810","Orleans Territory","417","Ascension","0015","Ascension",2219,2219,2219
"G4170035","1810","Orleans Territory","417","Assumption","0035","Assumption",2472,2472,2472
"G4170055","1810","Orleans Territory","417","Attakapas","0055","Attakapas",7369,7369,7369
"G4170075","1810","Orleans Territory","417","Avoyelles","0075","Avoyelles",1209,1209,1209
"G4170095","1810","Orleans Territory","417","Catahoula","0095","Catahoula",1164,1164,1164
"G4170115","1810","Orleans Territory","417","Concordia","0115","Concordia",2895,2895,2895
"G4170135","1810","Orleans Territory","417","Iberville","0135","Iberville",2679,2679,2679
"G4170155","1810","Orleans Territory","417","Lafourche","0155","Lafourche",1995,1995,1995
"G4170175","1810","Orleans Territory","417","Natchitoches","0175","Natchitoches",2870,2870,2870
"G4170195","1810","Orleans Territory","417","Opelousas","0195","Opelousas",5048,5048,5048
"G4170215","1810","Orleans Territory","417","Orleans","0215","Orleans",24552,24552,24552
"G4170235","1810","Orleans Territory","417","Ouachitta","0235","Ouachitta",1077,1077,1077
"G4170255","1810","Orleans Territory","417","Plaquemines","0255","Plaquemines",1549,1549,1549
"G4170275","1810","Orleans Territory","417","Pointe Coupee","0275","Pointe Coupee",4539,4539,4539
"G4170295","1810","Orleans Territory","417","Rapides","0295","Rapides",2200,2200,2200
"G4170315","1810","Orleans Territory","417","St Bernard","0315","St Bernard",1020,1020,1020
"G4170335","1810","Orleans Territory","417","St Charles","0335","St Charles",3291,3291,3291
"G4170355","1810","Orleans Territory","417","St James","0355","St James",3955,3955,3955
"G4170375","1810","Orleans Territory","417","St John Baptiste","0375","St John Baptiste",2990,2990,2990
"G4170395","1810","Orleans Territory","417","West Baton Rouge","0395","West Baton Rouge",1463,1463,1463
"G4200010","1810","Pennsylvania","420","Adams","0010","Adams",15152,15152,15152
"G4200030","1810","Pennsylvania","420","Allegheny","0030","Allegheny",25317,25317,25317
"G4200050","1810","Pennsylvania","420","Armstrong","0050","Armstrong",6143,6143,6143
"G4200070","1810","Pennsylvania","420","Beaver","0070","Beaver",12168,12168,12168
"G4200090","1810","Pennsylvania","420","Bedford","0090","Bedford",15746,15746,15746
"G4200110","1810","Pennsylvania","420","Berks","0110","Berks",43146,43146,43146
"G4200170","1810","Pennsylvania","420","Bucks","0170","Bucks",32371,32371,32371
"G4200190","1810","Pennsylvania","420","Butler","0190","Butler",7346,7346,7346
"G4200210","1810","Pennsylvania","420","Cambria","0210","Cambria",2117,2117,2117
"G4200270","1810","Pennsylvania","420","Centre","0270","Centre",10681,10681,10681
"G4200290","1810","Pennsylvania","420","Chester","0290","Chester",39596,39596,39596
"G4200330","1810","Pennsylvania","420","Clearfield","0330","Clearfield",875,875,875
"G4200390","1810","Pennsylvania","420","Crawford","0390","Crawford",6178,6178,6178
"G4200410","1810","Pennsylvania","420","Cumberland","0410","Cumberland",26757,26757,26757
"G4200430","1810","Pennsylvania","420","Dauphin","0430","Dauphin",31883,31883,31883
"G4200450","1810","Pennsylvania","420","Delaware","0450","Delaware",14734,14734,14734
"G4200490","1810","Pennsylvania","420","Erie","0490","Erie",3758,3758,3758
"G4200510","1810","Pennsylvania","420","Fayette","0510","Fayette",24714,24714,24714
"G4200550","1810","Pennsylvania","420","Franklin","0550","Franklin",23083,23083,23083
"G4200590","1810","Pennsylvania","420","Greene","0590","Greene",12544,12544,12544
"G4200610","1810","Pennsylvania","420","Huntingdon","0610","Huntingdon",14778,14778,14778
"G4200630","1810","Pennsylvania","420","Indiana","0630","Indiana",6214,6214,6214
"G4200650","1810","Pennsylvania","420","Jefferson","0650","Jefferson",161,161,161
"G4200710","1810","Pennsylvania","420","Lancaster","0710","Lancaster",53927,53927,53927
"G4200790","1810","Pennsylvania","420","Luzerne","0790","Luzerne",18109,18109,18109
"G4200810","1810","Pennsylvania","420","Lycoming","0810","Lycoming",11006,11006,11006
"G4200830","1810","Pennsylvania","420","McKean","0830","Mckean",142,142,142
"G4200850","1810","Pennsylvania","420","Mercer","0850","Mercer",8277,8277,8277
"G4200870","1810","Pennsylvania","420","Mifflin","0870","Mifflin",12132,12132,12132
"G4200910","1810","Pennsylvania","420","Montgomery","0910","Montgomery",29703,29703,29703
"G4200950","1810","Pennsylvania","420","Northampton","0950","Northampton",38145,38145,38145
"G4200970","1810","Pennsylvania","420","Northumberland","0970","Northumberland",36327,36327,36327
"G4201010","1810","Pennsylvania","420","Philadelphia","1010","Philadelphia",111210,111210,111210
"G4201050","1810","Pennsylvania","420","Potter","1050","Potter",29,29,29
"G4201110","1810","Pennsylvania","420","Somerset","1110","Somerset",11284,11284,11284
"G4201170","1810","Pennsylvania","420","Tioga","1170","Tioga",1687,1687,1687
"G4201210","1810","Pennsylvania","420","Venango","1210","Venango",3060,3060,3060
"G4201230","1810","Pennsylvania","420","Warren","1230","Warren",827,827,827
"G4201250","1810","Pennsylvania","420","Washington","1250","Washington",36289,36289,36289
"G4201270","1810","Pennsylvania","420","Wayne","1270","Wayne",4125,4125,4125
"G4201290","1810","Pennsylvania","420","Westmoreland","1290","Westmoreland",26392,26392,26392
"G4201330","1810","Pennsylvania","420","York","1330","York",31958,31958,31958
"G4400010","1810","Rhode Island","440","Bristol","0010","Bristol",5072,5072,5072
"G4400030","1810","Rhode Island","440","Kent","0030","Kent",9834,9834,9834
"G4400050","1810","Rhode Island","440","Newport","0050","Newport",16294,16294,16294
"G4400070","1810","Rhode Island","440","Providence","0070","Providence",30869,30769,30869
"G4400090","1810","Rhode Island","440","Washington","0090","Washington",14962,14962,14962
"G4500010","1810","South Carolina","450","Abbeville","0010","Abbeville",21156,21156,21156
"G4500110","1810","South Carolina","450","Barnwell","0110","Barnwell",12280,12280,12280
"G4500130","1810","South Carolina","450","Beaufort","0130","Beaufort",25887,25887,25887
"G4500190","1810","South Carolina","450","Charleston","0190","Charleston",63179,63179,63179
"G4500230","1810","South Carolina","450","Chester","0230","Chester",11479,11479,11479
"G4500250","1810","South Carolina","450","Chesterfield","0250","Chesterfield",5564,5564,5564
"G4500290","1810","South Carolina","450","Colleton","0290","Colleton",26359,26359,26359
"G4500310","1810","South Carolina","450","Darlington","0310","Darlington",9047,9047,9047
"G4500370","1810","South Carolina","450","Edgefield","0370","Edgefield",23160,23160,23160
"G4500390","1810","South Carolina","450","Fairfield","0390","Fairfield",11857,11857,11857
"G4500430","1810","South Carolina","450","Georgetown","0430","Georgetown",15679,15679,15679
"G4500450","1810","South Carolina","450","Greenville","0450","Greenville",13133,13133,13133
"G4500510","1810","South Carolina","450","Horry","0510","Horry",4349,4349,4349
"G4500550","1810","South Carolina","450","Kershaw","0550","Kershaw",9867,9867,9867
"G4500570","1810","South Carolina","450","Lancaster","0570","Lancaster",6318,6318,6318
"G4500590","1810","South Carolina","450","Laurens","0590","Laurens",14982,14982,14982
"G4500630","1810","South Carolina","450","Lexington","0630","Lexington",6641,6641,6641
"G4500670","1810","South Carolina","450","Marion","0670","Marion",8884,8884,8884
"G4500690","1810","South Carolina","450","Marlboro","0690","Marlboro",4966,4966,4966
"G4500710","1810","South Carolina","450","Newberry","0710","Newberry",13964,13964,13964
"G4500750","1810","South Carolina","450","Orangeburg","0750","Orangeburg",13229,13229,13229
"G4500755","1810","South Carolina","450","Pendleton","0755","Pendleton",22897,22897,22897
"G4500790","1810","South Carolina","450","Richland","0790","Richland",9027,9027,9027
"G4500830","1810","South Carolina","450","Spartanburg","0830","Spartanburg",14259,14259,14259
"G4500850","1810","South Carolina","450","Sumter","0850","Sumter",19054,19054,19054
"G4500870","1810","South Carolina","450","Union","0870","Union",10995,10995,10995
"G4500890","1810","South Carolina","450","Williamsburg","0890","Williamsburg",6871,6871,6871
"G4500910","1810","South Carolina","450","York","0910","York",10032,10032,10032
"G4700010","1810","Tennessee","470","Anderson","0010","Anderson",3959,3959,3959
"G4700030","1810","Tennessee","470","Bedford","0030","Bedford",8242,8242,8242
"G4700070","1810","Tennessee","470","Bledsoe","0070","Bledsoe",3259,3259,3259
"G4700090","1810","Tennessee","470","Blount","0090","Blount",8839,8839,8839
"G4700130","1810","Tennessee","470","Campbell","0130","Campbell",2668,2668,2668
"G4700190","1810","Tennessee","470","Carter","0190","Carter",4190,4190,4190
"G4700250","1810","Tennessee","470","Claiborne","0250","Claiborne",4798,4798,4798
"G4700290","1810","Tennessee","470","Cocke","0290","Cocke",5154,5154,5154
"G4700370","1810","Tennessee","470","Davidson","0370","Davidson",15608,15608,15608
"G4700430","1810","Tennessee","470","Dickson","0430","Dickson",4516,4516,4516
"G4700510","1810","Tennessee","470","Franklin","0510","Franklin",5730,5730,5730
"G4700550","1810","Tennessee","470","Giles","0550","Giles",4546,4546,4546
"G4700570","1810","Tennessee","470","Grainger","0570","Grainger",6397,6397,6397
"G4700590","1810","Tennessee","470","Greene","0590","Greene",9713,9713,9713
"G4700730","1810","Tennessee","470","Hawkins","0730","Hawkins",7643,7643,7643
"G4700810","1810","Tennessee","470","Hickman","0810","Hickman",2583,2583,2583
"G4700850","1810","Tennessee","470","Humphreys","0850","Humphreys",1511,1511,1511
"G4700870","1810","Tennessee","470","Jackson","0870","Jackson",5401,5401,5401
"G4700890","1810","Tennessee","470","Jefferson","0890","Jefferson",7309,7309,7309
"G4700930","1810","Tennessee","470","Knox","0930","Knox",10171,10171,10171
"G4701030","1810","Tennessee","470","Lincoln","1030","Lincoln",6104,6104,6104
"G4701190","1810","Tennessee","470","Maury","1190","Maury",10359,10359,10359
"G4701250","1810","Tennessee","470","Montgomery","1250","Montgomery",8021,8021,8021
"G4701330","1810","Tennessee","470","Overton","1330","Overton",5643,5643,5643
"G4701430","1810","Tennessee","470","Rhea","1430","Rhea",2504,2504,2504
"G4701450","1810","Tennessee","470","Roane","1450","Roane",5581,5581,5581
"G4701470","1810","Tennessee","470","Robertson","1470","Robertson",7270,7270,7270
"G4701490","1810","Tennessee","470","Rutherford","1490","Rutherford",10265,10265,10265
"G4701550","1810","Tennessee","470","Sevier","1550","Sevier",4595,4595,4595
"G4701590","1810","Tennessee","470","Smith","1590","Smith",11649,11649,11649
"G4701610","1810","Tennessee","470","Stewart","1610","Stewart",4262,4262,4262
"G4701630","1810","Tennessee","470","Sullivan","1630","Sullivan",6847,6847,6847
"G4701650","1810","Tennessee","470","Sumner","1650","Sumner",13792,13792,13792
"G4701770","1810","Tennessee","470","Warren","1770","Warren",5725,5725,5725
"G4701790","1810","Tennessee","470","Washington","1790","Washington",7740,7740,7740
"G4701850","1810","Tennessee","470","White","1850","White",4028,4028,4028
"G4701870","1810","Tennessee","470","Williamson","1870","Williamson",13153,13153,13153
"G4701890","1810","Tennessee","470","Wilson","1890","Wilson",11952,11952,11952
"G5000010","1810","Vermont","500","Addison","0010","Addison",19993,19993,19993
"G5000030","1810","Vermont","500","Bennington","0030","Bennington",15893,15893,15893
"G5000050","1810","Vermont","500","Caledonia","0050","Caledonia",18740,18730,18740
"G5000070","1810","Vermont","500","Chittenden","0070","Chittenden",18120,18120,18120
"G5000090","1810","Vermont","500","Essex","0090","Essex",2887,3087,2887
"G5000110","1810","Vermont","500","Franklin","0110","Franklin",16615,16427,16615
"G5000130","1810","Vermont","500","Grand Isle","0130","Grand Isle",3445,3445,3445
"G5000170","1810","Vermont","500","Orange","0170","Orange",25247,25247,25247
"G5000190","1810","Vermont","500","Orleans","0190","Orleans",5650,5830,5650
"G5000210","1810","Vermont","500","Rutland","0210","Rutland",29486,29486,29486
"G5000250","1810","Vermont","500","Windham","0250","Windham",26760,26760,26760
"G5000270","1810","Vermont","500","Windsor","0270","Windsor",34877,34877,34877
"G5100010","1810","Virginia","510","Accomack","0010","Accomack",15743,15743,15743
"G5100030","1810","Virginia","510","Albemarle","0030","Albemarle",18268,18268,18268
"G5100070","1810","Virginia","510","Amelia","0070","Amelia",10594,10594,10594
"G5100090","1810","Virginia","510","Amherst","0090","Amherst",10548,10548,10548
"G5100150","1810","Virginia","510","Augusta","0150","Augusta",14308,14308,14308
"G5100170","1810","Virginia","510","Bath","0170","Bath",4837,4837,4837
"G5100190","1810","Virginia","510","Bedford","0190","Bedford",16148,16148,16148
"G5100195","1810","Virginia","510","Berkeley","0195","Berkeley",11479,11479,11479
"G5100230","1810","Virginia","510","Botetourt","0230","Botetourt",13301,13301,13301
"G5100237","1810","Virginia","510","Brooke","0237","Brooke",5843,5843,5843
"G5100250","1810","Virginia","510","Brunswick","0250","Brunswick",15411,15411,15411
"G5100290","1810","Virginia","510","Buckingham","0290","Buckingham",20059,20059,20059
"G5100293","1810","Virginia","510","Cabell","0293","Cabell",2717,2717,2717
"G5100310","1810","Virginia","510","Campbell","0310","Campbell",11001,11001,11001
"G5100330","1810","Virginia","510","Caroline","0330","Caroline",17544,17544,17544
"G5100360","1810","Virginia","510","Charles City","0360","Charles City",5186,5186,5186
"G5100370","1810","Virginia","510","Charlotte","0370","Charlotte",13161,13161,13161
"G5100410","1810","Virginia","510","Chesterfield","0410","Chesterfield",9979,9979,9979
"G5100470","1810","Virginia","510","Culpeper","0470","Culpeper",18967,18967,18967
"G5100490","1810","Virginia","510","Cumberland","0490","Cumberland",9992,9992,9992
"G5100530","1810","Virginia","510","Dinwiddie","0530","Dinwiddie",12524,12522,12524
"G5100550","1810","Virginia","510","Elizabeth City","0550","Elizabeth City",3608,3608,3608
"G5100570","1810","Virginia","510","Essex","0570","Essex",9376,9376,9376
"G5100590","1810","Virginia","510","Fairfax","0590","Fairfax",13111,13111,13111
"G5100610","1810","Virginia","510","Fauquier","0610","Fauquier",22689,22689,22689
"G5100650","1810","Virginia","510","Fluvanna","0650","Fluvanna",4775,4775,4775
"G5100670","1810","Virginia","510","Franklin","0670","Franklin",10724,10724,10724
"G5100690","1810","Virginia","510","Frederick","0690","Frederick",22574,22574,22574
"G5100710","1810","Virginia","510","Giles","0710","Giles",3745,3745,3745
"G5100730","1810","Virginia","510","Gloucester","0730","Gloucester",10427,10427,10427
"G5100750","1810","Virginia","510","Goochland","0750","Goochland",10203,10203,10203
"G5100770","1810","Virginia","510","Grayson","0770","Grayson",4941,4941,4941
"G5100775","1810","Virginia","510","Greenbrier","0775","Greenbrier",5914,5914,5914
"G5100810","1810","Virginia","510","Greensville","0810","Greensville",6853,6853,6853
"G5100830","1810","Virginia","510","Halifax","0830","Halifax",22133,22133,22133
"G5100833","1810","Virginia","510","Hampshire","0833","Hampshire",9784,9784,9784
"G5100850","1810","Virginia","510","Hanover","0850","Hanover",15082,15082,15082
"G5100853","1810","Virginia","510","Hardy","0853","Hardy",5525,5525,5525
"G5100857","1810","Virginia","510","Harrison","0857","Harrison",9958,9958,9958
"G5100870","1810","Virginia","510","Henrico","0870","Henrico",9945,9945,9945
"G5100890","1810","Virginia","510","Henry","0890","Henry",5611,5611,5611
"G5100930","1810","Virginia","510","Isle Of Wight","0930","Isle Of Wight",9186,9186,9186
"G5100950","1810","Virginia","510","James City","0950","James City",4094,4094,4094
"G5100953","1810","Virginia","510","Jefferson","0953","Jefferson",11851,11851,11851
"G5100957","1810","Virginia","510","Kanawha","0957","Kanawha",3866,3866,3866
"G5100970","1810","Virginia","510","King And Queen","0970","King And Queen",10988,10988,10988
"G5100990","1810","Virginia","510","King George","0990","King George",6454,6454,6454
"G5101010","1810","Virginia","510","King William","1010","King William",9285,9285,9285
"G5101030","1810","Virginia","510","Lancaster","1030","Lancaster",5592,5592,5592
"G5101050","1810","Virginia","510","Lee","1050","Lee",4694,4694,4694
"G5101070","1810","Virginia","510","Loudoun","1070","Loudoun",21338,21338,21338
"G5101090","1810","Virginia","510","Louisa","1090","Louisa",11900,11900,11900
"G5101110","1810","Virginia","510","Lunenburg","1110","Lunenburg",12265,12265,12265
"G5101130","1810","Virginia","510","Madison","1130","Madison",8381,8381,8381
"G5101137","1810","Virginia","510","Mason","1137","Mason",1991,1991,1991
"G5101150","1810","Virginia","510","Mathews","1150","Matthews",4227,4227,4227
"G5101170","1810","Virginia","510","Mecklenburg","1170","Mecklenburg",18453,18453,18453
"G5101190","1810","Virginia","510","Middlesex","1190","Middlesex",4414,4414,4414
"G5101193","1810","Virginia","510","Monongalia","1193","Monongalia",12793,12793,12793
"G5101197","1810","Virginia","510","Monroe","1197","Monroe",5444,5444,5444
"G5101210","1810","Virginia","510","Montgomery","1210","Montgomery",8409,8409,8409
"G5101230","1810","Virginia","510","Nansemond","1230","Nansemond",10324,10324,10324
"G5101250","1810","Virginia","510","Nelson","1250","Nelson",9684,9684,9684
"G5101270","1810","Virginia","510","New Kent","1270","New Kent",6478,6478,6478
"G5101290","1810","Virginia","510","Norfolk","1290","Norfolk",13679,13679,13679
"G5101310","1810","Virginia","510","Northampton","1310","Northampton",7474,7474,7474
"G5101330","1810","Virginia","510","Northumberland","1330","Northumberland",8308,8308,8308
"G5101350","1810","Virginia","510","Nottoway","1350","Nottoway",9278,9278,9278
"G5101355","1810","Virginia","510","Ohio","1355","Ohio",8175,8175,8175
"G5101370","1810","Virginia","510","Orange","1370","Orange",12323,12323,12323
"G5101410","1810","Virginia","510","Patrick","1410","Patrick",4695,4695,4695
"G5101415","1810","Virginia","510","Pendleton","1415","Pendleton",4239,4239,4239
"G5101430","1810","Virginia","510","Pittsylvania","1430","Pittsylvania",17172,17172,17172
"G5101450","1810","Virginia","510","Powhatan","1450","Powhatan",8073,8073,8073
"G5101470","1810","Virginia","510","Prince Edward","1470","Prince Edward",12409,12409,12409
"G5101490","1810","Virginia","510","Prince George","1490","Prince George",8050,8050,8050
"G5101510","1810","Virginia","510","Princess Anne","1510","Princess Anne",9498,9498,9498
"G5101530","1810","Virginia","510","Prince William","1530","Prince William",11311,11311,11311
"G5101557","1810","Virginia","510","Randolph","1557","Randolph",2854,2854,2854
"G5101590","1810","Virginia","510","Richmond","1590","Richmond",6214,6214,6214
"G5101630","1810","Virginia","510","Rockbridge","1630","Rockbridge",10318,10318,10318
"G5101650","1810","Virginia","510","Rockingham","1650","Rockingham",12753,12753,12753
"G5101670","1810","Virginia","510","Russell","1670","Russell",6319,6319,6319
"G5101710","1810","Virginia","510","Shenandoah","1710","Shenandoah",13646,13646,13646
"G5101750","1810","Virginia","510","Southampton","1750","Southampton",13497,13497,13497
"G5101770","1810","Virginia","510","Spotsylvania","1770","Spotsylvania",13296,13296,13296
"G5101790","1810","Virginia","510","Stafford","1790","Stafford",9830,9830,9830
"G5101810","1810","Virginia","510","Surry","1810","Surry",6855,6855,6855
"G5101830","1810","Virginia","510","Sussex","1830","Sussex",11362,11362,11362
"G5101850","1810","Virginia","510","Tazewell","1850","Tazewell",3007,3007,3007
"G5101890","1810","Virginia","510","Warwick","1890","Warwick",1835,1835,1835
"G5101910","1810","Virginia","510","Washington","1910","Washington",12156,12156,12156
"G5101930","1810","Virginia","510","Westmoreland","1930","Westmoreland",8102,8102,8102
"G5101953","1810","Virginia","510","Wood","1953","Wood",3036,3036,3036
"G5101970","1810","Virginia","510","Wythe","1970","Wythe",8356,8356,8356
"G5101990","1810","Virginia","510","York","1990","York",5187,5187,5187
"G5107100","1810","Virginia","510","Norfolk City","7100","Norfolk City",9193,9193,9193
"G5107300","1810","Virginia","510","Petersburg City","7300","Petersburg City",5668,5668,5668
"G5107600","1810","Virginia","510","Richmond City","7600","Richmond City",9755,9735,9755
