GISJOIN,YEAR,STATE,STATEA,COUNTY,COUNTYA,AREANAME,AAS001,AAU001,AAZ001
"G0900010","1800","Connecticut","090","Fairfield","0010","Fairfield",38208,38208,38208
"G0900030","1800","Connecticut","090","Hartford","0030","Hartford",42147,42147,42147
"G0900050","1800","Connecticut","090","Litchfield","0050","Litchfield",41214,41214,41214
"G0900070","1800","Connecticut","090","Middlesex","0070","Middlesex",19847,19847,19847
"G0900090","1800","Connecticut","090","New Haven","0090","New Haven",32162,32162,32162
"G0900110","1800","Connecticut","090","New London","0110","New London",34883,34883,34883
"G0900130","1800","Connecticut","090","Tolland","0130","Tolland",14319,14319,14319
"G0900150","1800","Connecticut","090","Windham","0150","Windham",28222,28222,28222
"G1000010","1800","Delaware","100","Kent","0010","Kent",19554,19554,19554
"G1000030","1800","Delaware","100","New Castle","0030","New Castle",25361,25361,25361
"G1000050","1800","Delaware","100","Sussex","0050","Sussex",19358,19358,19358
"G1100015","1800","District Of Columbia","110","District of Columbia (old)","0015","District of Columbia (old)",4971,4971,4971
"G1300290","1800","Georgia","130","Bryan","0290","Bryan",2836,2836,2836
"G1300310","1800","Georgia","130","Bulloch","0310","Bulloch",1913,1913,1913
"G1300330","1800","Georgia","130","Burke","0330","Burke",9504,9504,9504
"G1300390","1800","Georgia","130","Camden","0390","Camden",1681,1681,1681
"G1300510","1800","Georgia","130","Chatham","0510","Chatham",12946,12946,12946
"G1300730","1800","Georgia","130","Columbia","0730","Columbia",8345,8345,8345
"G1301030","1800","Georgia","130","Effingham","1030","Effingham",2072,2072,2072
"G1301050","1800","Georgia","130","Elbert","1050","Elbert",10094,10094,10094
"G1301190","1800","Georgia","130","Franklin","1190","Franklin",6859,6859,6859
"G1301270","1800","Georgia","130","Glynn","1270","Glynn",1874,1874,1874
"G1301330","1800","Georgia","130","Greene","1330","Greene",10761,10761,10761
"G1301410","1800","Georgia","130","Hancock","1410","Hancock",14456,14456,14456
"G1301570","1800","Georgia","130","Jackson","1570","Jackson",7736,7736,7736
"G1301630","1800","Georgia","130","Jefferson","1630","Jefferson",5684,5684,5684
"G1301790","1800","Georgia","130","Liberty","1790","Liberty",5313,5313,5313
"G1301810","1800","Georgia","130","Lincoln","1810","Lincoln",4766,4766,4766
"G1301910","1800","Georgia","130","McIntosh","1910","Mcintosh",2660,2660,2660
"G1302090","1800","Georgia","130","Montgomery","2090","Montgomery",3180,3180,3180
"G1302210","1800","Georgia","130","Oglethorpe","2210","Oglethorpe",9780,9780,9780
"G1302450","1800","Georgia","130","Richmond","2450","Richmond",5475,5475,5475
"G1302510","1800","Georgia","130","Screven","2510","Screven",3019,3019,3019
"G1303010","1800","Georgia","130","Warren","3010","Warren",8329,8329,8329
"G1303030","1800","Georgia","130","Washington","3030","Washington",10300,10300,10300
"G1303170","1800","Georgia","130","Wilkes","3170","Wilkes",13103,13103,13103
"G1850115","1800","Indiana Territory","185","Knox","0115","Knox",2517,2517,2517
"G1850135","1800","Indiana Territory","185","Randolph","0135","Randolph",1103,1103,1103
"G1850155","1800","Indiana Territory","185","St Clair","0155","St Clair",1255,1255,1255
"G1850315","1800","Indiana Territory","185","Unorganized","0315","Unorganized",766,766,
"G2100090","1800","Kentucky","210","Barren","0090","Barren",4784,4784,4784
"G2100150","1800","Kentucky","210","Boone","0150","Boone",1534,1534,1534
"G2100170","1800","Kentucky","210","Bourbon","0170","Bourbon",12825,12825,12825
"G2100230","1800","Kentucky","210","Bracken","0230","Bracken",2606,2606,2606
"G2100270","1800","Kentucky","210","Breckinridge","0270","Breckinridge",807,807,807
"G2100290","1800","Kentucky","210","Bullitt","0290","Bullitt",3542,3542,3542
"G2100370","1800","Kentucky","210","Campbell","0370","Campbell",1903,1903,1903
"G2100470","1800","Kentucky","210","Christian","0470","Christian",2318,2318,2318
"G2100490","1800","Kentucky","210","Clark","0490","Clark",7653,7653,7653
"G2100570","1800","Kentucky","210","Cumberland","0570","Cumberland",3284,3284,3284
"G2100670","1800","Kentucky","210","Fayette","0670","Fayette",14028,14028,14028
"G2100690","1800","Kentucky","210","Fleming","0690","Fleming",5016,5016,5016
"G2100710","1800","Kentucky","210","Floyd","0710","Floyd",478,478,478
"G2100730","1800","Kentucky","210","Franklin","0730","Franklin",5078,5078,5078
"G2100770","1800","Kentucky","210","Gallatin","0770","Gallatin",1291,1291,1291
"G2100790","1800","Kentucky","210","Garrard","0790","Garrard",6186,6186,6186
"G2100870","1800","Kentucky","210","Green","0870","Green",6096,6096,6096
"G2100930","1800","Kentucky","210","Hardin","0930","Hardin",3653,3653,3653
"G2100970","1800","Kentucky","210","Harrison","0970","Harrison",4350,4350,4350
"G2101010","1800","Kentucky","210","Henderson","1010","Henderson",1468,1468,1468
"G2101030","1800","Kentucky","210","Henry","1030","Henry",3258,3258,3258
"G2101110","1800","Kentucky","210","Jefferson","1110","Jefferson",8754,8754,8754
"G2101130","1800","Kentucky","210","Jessamine","1130","Jessamine",5461,5461,5461
"G2101210","1800","Kentucky","210","Knox","1210","Knox",1109,1109,1109
"G2101370","1800","Kentucky","210","Lincoln","1370","Lincoln",8621,8621,8621
"G2101390","1800","Kentucky","210","Livingston","1390","Livingston",2856,2856,2856
"G2101410","1800","Kentucky","210","Logan","1410","Logan",5807,5807,5807
"G2101510","1800","Kentucky","210","Madison","1510","Madison",10490,10490,10490
"G2101610","1800","Kentucky","210","Mason","1610","Mason",12182,12182,12182
"G2101670","1800","Kentucky","210","Mercer","1670","Mercer",9646,9646,9646
"G2101730","1800","Kentucky","210","Montgomery","1730","Montgomery",7082,7082,7082
"G2101770","1800","Kentucky","210","Muhlenberg","1770","Muhlenberg",1443,1443,1443
"G2101790","1800","Kentucky","210","Nelson","1790","Nelson",9866,9866,9866
"G2101810","1800","Kentucky","210","Nicholas","1810","Nicholas",2925,2925,2925
"G2101830","1800","Kentucky","210","Ohio","1830","Ohio",1223,1223,1223
"G2101910","1800","Kentucky","210","Pendleton","1910","Pendleton",1613,1613,1613
"G2101990","1800","Kentucky","210","Pulaski","1990","Pulaski",3161,3161,3161
"G2102090","1800","Kentucky","210","Scott","2090","Scott",8007,8007,8007
"G2102110","1800","Kentucky","210","Shelby","2110","Shelby",8191,8191,8191
"G2102270","1800","Kentucky","210","Warren","2270","Warren",4686,4686,4686
"G2102290","1800","Kentucky","210","Washington","2290","Washington",9050,9050,9050
"G2102390","1800","Kentucky","210","Woodford","2390","Woodford",6624,6624,6624
"G2400010","1800","Maryland","240","Allegany","0010","Allegany",6303,6303,6303
"G2400030","1800","Maryland","240","Anne Arundel","0030","Anne Arundel",22623,22623,22623
"G2400050","1800","Maryland","240","Baltimore","0050","Baltimore",32516,32516,32516
"G2400090","1800","Maryland","240","Calvert","0090","Calvert",8297,8297,8297
"G2400110","1800","Maryland","240","Caroline","0110","Caroline",9226,9226,9226
"G2400150","1800","Maryland","240","Cecil","0150","Cecil",9018,9018,9018
"G2400170","1800","Maryland","240","Charles","0170","Charles",19172,19172,19172
"G2400190","1800","Maryland","240","Dorchester","0190","Dorchester",16346,16346,16346
"G2400210","1800","Maryland","240","Frederick","0210","Frederick",31523,31523,31523
"G2400250","1800","Maryland","240","Harford","0250","Harford",17626,17626,17626
"G2400290","1800","Maryland","240","Kent","0290","Kent",11771,11771,11771
"G2400310","1800","Maryland","240","Montgomery","0310","Montgomery",15058,15058,15058
"G2400330","1800","Maryland","240","Prince Georges","0330","Prince Georges",21185,21185,21185
"G2400350","1800","Maryland","240","Queen Anne's","0350","Queen Anne's",14857,14857,14857
"G2400370","1800","Maryland","240","St Mary's","0370","St Mary's",13699,13699,13699
"G2400390","1800","Maryland","240","Somerset","0390","Somerset",17358,17358,17358
"G2400410","1800","Maryland","240","Talbot","0410","Talbot",13436,13436,13436
"G2400430","1800","Maryland","240","Washington","0430","Washington",18650,18650,18650
"G2400470","1800","Maryland","240","Worcester","0470","Worcester",16370,16370,16370
"G2405100","1800","Maryland","240","Baltimore City","5100","Baltimore City",26514,26514,26514
"G2500010","1800","Massachusetts","250","Barnstable","0010","Barnstable",19293,19293,19293
"G2500030","1800","Massachusetts","250","Berkshire","0030","Berkshire",33885,33885,33885
"G2500050","1800","Massachusetts","250","Bristol","0050","Bristol",33880,33880,33880
"G2500055","1800","Massachusetts","250","Cumberland","0055","Cumberland",38208,38208,38208
"G2500070","1800","Massachusetts","250","Dukes","0070","Dukes",3118,3118,3109
"G2500090","1800","Massachusetts","250","Essex","0090","Essex",61196,61196,61205
"G2500150","1800","Massachusetts","250","Hampshire","0150","Hampshire",72432,72432,72432
"G2500153","1800","Massachusetts","250","Hancock","0153","Hancock",16358,16358,16358
"G2500155","1800","Massachusetts","250","Kennebec","0155","Kennebec",24571,24571,24571
"G2500157","1800","Massachusetts","250","Lincoln","0157","Lincoln",30225,30225,30225
"G2500170","1800","Massachusetts","250","Middlesex","0170","Middlesex",46928,46928,46928
"G2500190","1800","Massachusetts","250","Nantucket","0190","Nantucket",5617,5617,5617
"G2500210","1800","Massachusetts","250","Norfolk","0210","Norfolk",27216,27216,27216
"G2500230","1800","Massachusetts","250","Plymouth","0230","Plymouth",30073,30073,30473
"G2500250","1800","Massachusetts","250","Suffolk","0250","Suffolk",28015,28015,28015
"G2500255","1800","Massachusetts","250","Washington","0255","Washington",4461,4461,4461
"G2500270","1800","Massachusetts","250","Worcester","0270","Worcester",61192,61192,61192
"G2500275","1800","Massachusetts","250","York","0275","York",37896,37896,37896
"G2509993","1800","Massachusetts","250","Massachusetts (ME part) [multi-county reporting area ]","9993","Massachusetts [ME part] - multi-county group",151719,151719,151719
"G2509997","1800","Massachusetts","250","Massachusetts (non-ME part) [multi-county reporting area]","9997","Massachusetts [non-ME part] - multi-county group",422845,422845,423245
"G2850015","1800","Mississippi Territory","285","Adams","0015","Adams",4660,4660,4660
"G2850155","1800","Mississippi Territory","285","Pickering","0155","Pickering",2940,2940,2940
"G2850195","1800","Mississippi Territory","285","Washington","0195","Washington",1250,1250,1250
"G3300050","1800","New Hampshire","330","Cheshire","0050","Cheshire",38825,38825,38725
"G3300090","1800","New Hampshire","330","Grafton","0090","Grafton",23093,23093,23093
"G3300110","1800","New Hampshire","330","Hillsborough","0110","Hillsborough",43899,43899,43903
"G3300150","1800","New Hampshire","330","Rockingham","0150","Rockingham",45427,45427,45427
"G3300170","1800","New Hampshire","330","Strafford","0170","Strafford",32614,32614,32614
"G3400030","1800","New Jersey","340","Bergen","0030","Bergen",15156,15156,15956
"G3400050","1800","New Jersey","340","Burlington","0050","Burlington",21521,21521,21521
"G3400090","1800","New Jersey","340","Cape May","0090","Cape May",3066,3066,3066
"G3400110","1800","New Jersey","340","Cumberland","0110","Cumberland",9529,9529,9529
"G3400130","1800","New Jersey","340","Essex","0130","Essex",22269,22269,22269
"G3400150","1800","New Jersey","340","Gloucester","0150","Gloucester",16115,16115,16115
"G3400190","1800","New Jersey","340","Hunterdon","0190","Hunterdon",21261,21261,21261
"G3400230","1800","New Jersey","340","Middlesex","0230","Middlesex",17890,17890,17890
"G3400250","1800","New Jersey","340","Monmouth","0250","Monmouth",19872,19872,19872
"G3400270","1800","New Jersey","340","Morris","0270","Morris",17750,17750,17750
"G3400330","1800","New Jersey","340","Salem","0330","Salem",11371,11371,11371
"G3400350","1800","New Jersey","340","Somerset","0350","Somerset",12815,12815,12815
"G3400370","1800","New Jersey","340","Sussex","0370","Sussex",22534,22534,22534
"G3600010","1800","New York","360","Albany","0010","Albany",34043,34103,34043
"G3600110","1800","New York","360","Cayuga","0110","Cayuga",15871,15907,15871
"G3600170","1800","New York","360","Chenango","0170","Chenango",15666,16087,15666
"G3600190","1800","New York","360","Clinton","0190","Clinton",8514,8516,8514
"G3600210","1800","New York","360","Columbia","0210","Columbia",35422,35472,35422
"G3600250","1800","New York","360","Delaware","0250","Delaware",10228,10228,10228
"G3600270","1800","New York","360","Dutchess","0270","Dutchess",47775,47775,47775
"G3600390","1800","New York","360","Greene","0390","Greene",12314,13074,12314
"G3600430","1800","New York","360","Herkimer","0430","Herkimer",14479,14503,14479
"G3600470","1800","New York","360","Kings","0470","Kings",5740,5740,5740
"G3600570","1800","New York","360","Montgomery","0570","Montgomery",21700,22051,21700
"G3600610","1800","New York","360","New York","0610","New York",60489,60515,60489
"G3600650","1800","New York","360","Oneida","0650","Oneida",22047,22258,22047
"G3600670","1800","New York","360","Onondaga","0670","Onondaga",7466,7698,7466
"G3600690","1800","New York","360","Ontario","0690","Ontario",15218,15218,15218
"G3600710","1800","New York","360","Orange","0710","Orange",29355,29355,29355
"G3600770","1800","New York","360","Otsego","0770","Otsego",21636,21343,21636
"G3600810","1800","New York","360","Queens","0810","Queens",16891,16916,16891
"G3600830","1800","New York","360","Rensselaer","0830","Rensselaer",30442,30351,30442
"G3600850","1800","New York","360","Richmond","0850","Richmond",4563,4564,4563
"G3600870","1800","New York","360","Rockland","0870","Rockland",6353,6353,6353
"G3600910","1800","New York","360","Saratoga","0910","Saratoga",24483,24564,24483
"G3600950","1800","New York","360","Schoharie","0950","Schoharie",9808,9808,9808
"G3601010","1800","New York","360","Steuben","1010","Steuben",1788,1788,1788
"G3601030","1800","New York","360","Suffolk","1030","Suffolk",19734,19735,19734
"G3601070","1800","New York","360","Tioga","1070","Tioga",6879,7109,6879
"G3601110","1800","New York","360","Ulster","1110","Ulster",24855,24855,24855
"G3601150","1800","New York","360","Washington","1150","Washington",35574,35792,35574
"G3601190","1800","New York","360","Westchester","1190","Westchester",27428,27373,27428
"G3700070","1800","North Carolina","370","Anson","0070","Anson",8146,8146,8146
"G3700090","1800","North Carolina","370","Ashe","0090","Ashe",2783,2783,2783
"G3700130","1800","North Carolina","370","Beaufort","0130","Beaufort",6242,6242,6242
"G3700150","1800","North Carolina","370","Bertie","0150","Bertie",11249,11249,11249
"G3700170","1800","North Carolina","370","Bladen","0170","Bladen",7028,7028,7028
"G3700190","1800","North Carolina","370","Brunswick","0190","Brunswick",4110,4110,4110
"G3700210","1800","North Carolina","370","Buncombe","0210","Buncombe",5812,5812,5812
"G3700230","1800","North Carolina","370","Burke","0230","Burke",9929,9929,9929
"G3700250","1800","North Carolina","370","Cabarrus","0250","Cabarrus",5094,5094,5094
"G3700290","1800","North Carolina","370","Camden","0290","Camden",4191,4191,4191
"G3700310","1800","North Carolina","370","Carteret","0310","Carteret",4399,4399,4399
"G3700330","1800","North Carolina","370","Caswell","0330","Caswell",8701,8701,8701
"G3700370","1800","North Carolina","370","Chatham","0370","Chatham",11861,11861,11861
"G3700410","1800","North Carolina","370","Chowan","0410","Chowan",5132,5132,5132
"G3700490","1800","North Carolina","370","Craven","0490","Craven",10245,10245,10245
"G3700510","1800","North Carolina","370","Cumberland","0510","Cumberland",9264,9264,9264
"G3700530","1800","North Carolina","370","Currituck","0530","Currituck",6928,6928,6928
"G3700610","1800","North Carolina","370","Duplin","0610","Duplin",6796,6796,6796
"G3700650","1800","North Carolina","370","Edgecombe","0650","Edgecombe",10421,10421,10421
"G3700690","1800","North Carolina","370","Franklin","0690","Franklin",8529,8529,8529
"G3700730","1800","North Carolina","370","Gates","0730","Gates",5881,5881,5881
"G3700770","1800","North Carolina","370","Granville","0770","Granville",14015,14015,14015
"G3700790","1800","North Carolina","370","Greene","0790","Greene",4218,4218,4218
"G3700810","1800","North Carolina","370","Guilford","0810","Guilford",9442,9442,9442
"G3700830","1800","North Carolina","370","Halifax","0830","Halifax",13945,13945,13945
"G3700910","1800","North Carolina","370","Hertford","0910","Hertford",6701,6701,6701
"G3700950","1800","North Carolina","370","Hyde","0950","Hyde",4829,4829,4829
"G3700970","1800","North Carolina","370","Iredell","0970","Iredell",8856,8856,8856
"G3701010","1800","North Carolina","370","Johnston","1010","Johnston",6301,6301,6301
"G3701030","1800","North Carolina","370","Jones","1030","Jones",4339,4339,4339
"G3701070","1800","North Carolina","370","Lenoir","1070","Lenoir",4005,4005,4005
"G3701090","1800","North Carolina","370","Lincoln","1090","Lincoln",12660,12660,12660
"G3701170","1800","North Carolina","370","Martin","1170","Martin",5629,5629,5629
"G3701190","1800","North Carolina","370","Mecklenburg","1190","Mecklenburg",10439,10439,10439
"G3701230","1800","North Carolina","370","Montgomery","1230","Montgomery",7677,7677,7677
"G3701250","1800","North Carolina","370","Moore","1250","Moore",4767,4767,4767
"G3701270","1800","North Carolina","370","Nash","1270","Nash",6975,6975,6975
"G3701290","1800","North Carolina","370","New Hanover","1290","New Hanover",7060,7060,7060
"G3701310","1800","North Carolina","370","Northampton","1310","Northampton",12353,12353,12353
"G3701330","1800","North Carolina","370","Onslow","1330","Onslow",5623,5623,5623
"G3701350","1800","North Carolina","370","Orange","1350","Orange",16362,16362,16362
"G3701390","1800","North Carolina","370","Pasquotank","1390","Pasquotank",5379,5379,5379
"G3701430","1800","North Carolina","370","Perquimans","1430","Perquimans",5708,5708,5708
"G3701450","1800","North Carolina","370","Person","1450","Person",6402,6402,6402
"G3701470","1800","North Carolina","370","Pitt","1470","Pitt",9084,9084,9084
"G3701510","1800","North Carolina","370","Randolph","1510","Randolph",9234,9234,9234
"G3701530","1800","North Carolina","370","Richmond","1530","Richmond",5623,5623,5623
"G3701550","1800","North Carolina","370","Robeson","1550","Robeson",6839,6839,6839
"G3701570","1800","North Carolina","370","Rockingham","1570","Rockingham",8277,8277,8277
"G3701590","1800","North Carolina","370","Rowan","1590","Rowan",20060,20060,20060
"G3701610","1800","North Carolina","370","Rutherford","1610","Rutherford",10753,10753,10753
"G3701630","1800","North Carolina","370","Sampson","1630","Sampson",6719,6719,6719
"G3701690","1800","North Carolina","370","Stokes","1690","Stokes",11026,11026,11026
"G3701710","1800","North Carolina","370","Surry","1710","Surry",9505,9505,9505
"G3701770","1800","North Carolina","370","Tyrrell","1770","Tyrrell",3395,3395,3395
"G3701830","1800","North Carolina","370","Wake","1830","Wake",13437,13437,13437
"G3701850","1800","North Carolina","370","Warren","1850","Warren",11284,11284,11284
"G3701870","1800","North Carolina","370","Washington","1870","Washington",2422,2422,2422
"G3701910","1800","North Carolina","370","Wayne","1910","Wayne",6772,6772,6772
"G3701930","1800","North Carolina","370","Wilkes","1930","Wilkes",7247,7247,7247
"G3850015","1800","Northwest Territory","385","Adams","0015","Adams",3432,3432,3432
"G3850035","1800","Northwest Territory","385","Hamilton","0035","Hamilton",14692,14692,14692
"G3850055","1800","Northwest Territory","385","Jefferson","0055","Jefferson",8766,8766,8766
"G3850115","1800","Northwest Territory","385","Ross","0115","Ross",8540,8540,8540
"G3850175","1800","Northwest Territory","385","Trumbull","0175","Trumbull",1302,1302,1302
"G3850195","1800","Northwest Territory","385","Washington","0195","Washington",5427,5427,5427
"G3850225","1800","Northwest Territory","385","Wayne","0225","Wayne",3206,3206,3206
"G4200010","1800","Pennsylvania","420","Adams","0010","Adams",13172,13172,13172
"G4200030","1800","Pennsylvania","420","Allegheny","0030","Allegheny",15087,15087,15087
"G4200050","1800","Pennsylvania","420","Armstrong","0050","Armstrong",2399,2399,2399
"G4200070","1800","Pennsylvania","420","Beaver","0070","Beaver",5776,5776,5776
"G4200090","1800","Pennsylvania","420","Bedford","0090","Bedford",12039,12039,12039
"G4200110","1800","Pennsylvania","420","Berks","0110","Berks",32407,32407,32407
"G4200170","1800","Pennsylvania","420","Bucks","0170","Bucks",27496,27496,27496
"G4200190","1800","Pennsylvania","420","Butler","0190","Butler",3916,3916,3916
"G4200290","1800","Pennsylvania","420","Chester","0290","Chester",32093,32093,32093
"G4200390","1800","Pennsylvania","420","Crawford","0390","Crawford",2346,2346,2346
"G4200410","1800","Pennsylvania","420","Cumberland","0410","Cumberland",25386,25386,25386
"G4200430","1800","Pennsylvania","420","Dauphin","0430","Dauphin",22270,22270,22270
"G4200450","1800","Pennsylvania","420","Delaware","0450","Delaware",12809,12809,12809
"G4200490","1800","Pennsylvania","420","Erie","0490","Erie",1468,1468,1468
"G4200510","1800","Pennsylvania","420","Fayette","0510","Fayette",20159,20159,20159
"G4200550","1800","Pennsylvania","420","Franklin","0550","Franklin",19638,19638,19638
"G4200590","1800","Pennsylvania","420","Greene","0590","Greene",8605,8605,8605
"G4200610","1800","Pennsylvania","420","Huntingdon","0610","Huntingdon",13008,13008,13008
"G4200710","1800","Pennsylvania","420","Lancaster","0710","Lancaster",43403,43403,43403
"G4200790","1800","Pennsylvania","420","Luzerne","0790","Luzerne",12839,12839,12839
"G4200810","1800","Pennsylvania","420","Lycoming","0810","Lycoming",5414,5414,5414
"G4200850","1800","Pennsylvania","420","Mercer","0850","Mercer",3228,3228,3228
"G4200870","1800","Pennsylvania","420","Mifflin","0870","Mifflin",13609,13609,13609
"G4200910","1800","Pennsylvania","420","Montgomery","0910","Montgomery",24150,24150,24150
"G4200950","1800","Pennsylvania","420","Northampton","0950","Northampton",30062,30062,30062
"G4200970","1800","Pennsylvania","420","Northumberland","0970","Northumberland",27797,27797,27797
"G4201010","1800","Pennsylvania","420","Philadelphia","1010","Philadelphia",81009,81009,81009
"G4201110","1800","Pennsylvania","420","Somerset","1110","Somerset",10188,10188,10188
"G4201210","1800","Pennsylvania","420","Venango","1210","Venango",1130,1130,1130
"G4201230","1800","Pennsylvania","420","Warren","1230","Warren",233,233,233
"G4201250","1800","Pennsylvania","420","Washington","1250","Washington",28298,28298,28298
"G4201270","1800","Pennsylvania","420","Wayne","1270","Wayne",2562,2562,2562
"G4201290","1800","Pennsylvania","420","Westmoreland","1290","Westmoreland",22726,22726,22726
"G4201330","1800","Pennsylvania","420","York","1330","York",25643,25643,25643
"G4400010","1800","Rhode Island","440","Bristol","0010","Bristol",3801,3801,3800
"G4400030","1800","Rhode Island","440","Kent","0030","Kent",8487,8487,8487
"G4400050","1800","Rhode Island","440","Newport","0050","Newport",14845,14845,14845
"G4400070","1800","Rhode Island","440","Providence","0070","Providence",25854,25854,25855
"G4400090","1800","Rhode Island","440","Washington","0090","Washington",16135,16135,16135
"G4500010","1800","South Carolina","450","Abbeville","0010","Abbeville",13553,13553,13553
"G4500110","1800","South Carolina","450","Barnwell","0110","Barnwell",7376,7376,7376
"G4500130","1800","South Carolina","450","Beaufort","0130","Beaufort",20428,20428,20428
"G4500190","1800","South Carolina","450","Charleston","0190","Charleston",57480,57480,57480
"G4500230","1800","South Carolina","450","Chester","0230","Chester",8185,8185,8185
"G4500250","1800","South Carolina","450","Chesterfield","0250","Chesterfield",5216,5216,5216
"G4500290","1800","South Carolina","450","Colleton","0290","Colleton",24903,24903,24903
"G4500310","1800","South Carolina","450","Darlington","0310","Darlington",7631,7631,7631
"G4500370","1800","South Carolina","450","Edgefield","0370","Edgefield",18130,18130,18130
"G4500390","1800","South Carolina","450","Fairfield","0390","Fairfield",10087,10087,10087
"G4500430","1800","South Carolina","450","Georgetown","0430","Georgetown",22938,22938,22938
"G4500450","1800","South Carolina","450","Greenville","0450","Greenville",11504,11504,11504
"G4500550","1800","South Carolina","450","Kershaw","0550","Kershaw",7340,7340,7340
"G4500570","1800","South Carolina","450","Lancaster","0570","Lancaster",6012,6012,6012
"G4500590","1800","South Carolina","450","Laurens","0590","Laurens",12809,12809,12809
"G4500670","1800","South Carolina","450","Marion","0670","Marion",6914,6914,6914
"G4500690","1800","South Carolina","450","Marlboro","0690","Marlboro",5452,5452,5452
"G4500710","1800","South Carolina","450","Newberry","0710","Newberry",12006,12006,12006
"G4500750","1800","South Carolina","450","Orangeburg","0750","Orangeburg",15766,15766,15766
"G4500755","1800","South Carolina","450","Pendleton","0755","Pendleton",20052,20052,20052
"G4500790","1800","South Carolina","450","Richland","0790","Richland",6097,6097,6097
"G4500830","1800","South Carolina","450","Spartanburg","0830","Spartanburg",12122,12122,12122
"G4500850","1800","South Carolina","450","Sumter","0850","Sumter",13103,13103,13103
"G4500870","1800","South Carolina","450","Union","0870","Union",10237,10237,10237
"G4500910","1800","South Carolina","450","York","0910","York",10250,10250,10250
"G4700090","1800","Tennessee","470","Blount","0090","Blount",5587,5587,5587
"G4700190","1800","Tennessee","470","Carter","0190","Carter",4813,4813,4813
"G4700370","1800","Tennessee","470","Davidson","0370","Davidson",9965,9965,9965
"G4700570","1800","Tennessee","470","Grainger","0570","Grainger",7367,7367,7367
"G4700590","1800","Tennessee","470","Greene","0590","Greene",7610,7610,7610
"G4700730","1800","Tennessee","470","Hawkins","0730","Hawkins",6563,6563,6563
"G4700890","1800","Tennessee","470","Jefferson","0890","Jefferson",9017,9017,9017
"G4700930","1800","Tennessee","470","Knox","0930","Knox",12446,12446,12446
"G4701250","1800","Tennessee","470","Montgomery","1250","Montgomery",2899,2899,2899
"G4701470","1800","Tennessee","470","Robertson","1470","Robertson",4280,4280,4280
"G4701550","1800","Tennessee","470","Sevier","1550","Sevier",3419,3419,3419
"G4701590","1800","Tennessee","470","Smith","1590","Smith",4294,4294,4294
"G4701630","1800","Tennessee","470","Sullivan","1630","Sullivan",10218,10218,10218
"G4701650","1800","Tennessee","470","Sumner","1650","Sumner",4616,4616,4616
"G4701790","1800","Tennessee","470","Washington","1790","Washington",6379,6379,6379
"G4701870","1800","Tennessee","470","Williamson","1870","Williamson",2868,2868,2868
"G4701890","1800","Tennessee","470","Wilson","1890","Wilson",3261,3261,3261
"G5000010","1800","Vermont","500","Addison","0010","Addison",13417,13417,13417
"G5000030","1800","Vermont","500","Bennington","0030","Bennington",14617,14617,14617
"G5000050","1800","Vermont","500","Caledonia","0050","Caledonia",9377,9377,9377
"G5000070","1800","Vermont","500","Chittenden","0070","Chittenden",12778,12778,12778
"G5000090","1800","Vermont","500","Essex","0090","Essex",1479,1479,1479
"G5000110","1800","Vermont","500","Franklin","0110","Franklin",8782,8782,8782
"G5000170","1800","Vermont","500","Orange","0170","Orange",18238,18238,18238
"G5000190","1800","Vermont","500","Orleans","0190","Orleans",1439,1439,1439
"G5000210","1800","Vermont","500","Rutland","0210","Rutland",23813,23813,23813
"G5000250","1800","Vermont","500","Windham","0250","Windham",23581,23581,23581
"G5000270","1800","Vermont","500","Windsor","0270","Windsor",26944,26944,26944
"G5100010","1800","Virginia","510","Accomack","0010","Accomack",15693,15693,15693
"G5100030","1800","Virginia","510","Albemarle","0030","Albemarle",16439,16439,16439
"G5100070","1800","Virginia","510","Amelia","0070","Amelia",9432,9432,9432
"G5100090","1800","Virginia","510","Amherst","0090","Amherst",16801,16801,16807
"G5100150","1800","Virginia","510","Augusta","0150","Augusta",11712,11712,11712
"G5100170","1800","Virginia","510","Bath","0170","Bath",5508,5508,5508
"G5100190","1800","Virginia","510","Bedford","0190","Bedford",14125,14125,14125
"G5100195","1800","Virginia","510","Berkeley","0195","Berkeley",22006,22006,22006
"G5100230","1800","Virginia","510","Botetourt","0230","Botetourt",10427,10427,10427
"G5100237","1800","Virginia","510","Brooke","0237","Brooke",4706,4706,4706
"G5100250","1800","Virginia","510","Brunswick","0250","Brunswick",16339,16339,16339
"G5100290","1800","Virginia","510","Buckingham","0290","Buckingham",13389,13389,13409
"G5100310","1800","Virginia","510","Campbell","0310","Campbell",9866,9866,9866
"G5100330","1800","Virginia","510","Caroline","0330","Caroline",17438,17438,17438
"G5100360","1800","Virginia","510","Charles City","0360","Charles City",5365,5365,5365
"G5100370","1800","Virginia","510","Charlotte","0370","Charlotte",11912,11912,11912
"G5100410","1800","Virginia","510","Chesterfield","0410","Chesterfield",14488,14488,14488
"G5100470","1800","Virginia","510","Culpeper","0470","Culpeper",18100,18100,18100
"G5100490","1800","Virginia","510","Cumberland","0490","Cumberland",9839,9839,9839
"G5100530","1800","Virginia","510","Dinwiddie","0530","Dinwiddie",11853,11853,11853
"G5100550","1800","Virginia","510","Elizabeth City","0550","Elizabeth City",2778,2778,2779
"G5100570","1800","Virginia","510","Essex","0570","Essex",9508,9508,9508
"G5100590","1800","Virginia","510","Fairfax","0590","Fairfax",13317,13317,13317
"G5100610","1800","Virginia","510","Fauquier","0610","Fauquier",21329,21329,21329
"G5100650","1800","Virginia","510","Fluvanna","0650","Fluvanna",4623,4623,4623
"G5100670","1800","Virginia","510","Franklin","0670","Franklin",9302,9302,9302
"G5100690","1800","Virginia","510","Frederick","0690","Frederick",24744,24744,24744
"G5100730","1800","Virginia","510","Gloucester","0730","Gloucester",8181,8181,8181
"G5100750","1800","Virginia","510","Goochland","0750","Goochland",9696,9696,9696
"G5100770","1800","Virginia","510","Grayson","0770","Grayson",3912,3912,3912
"G5100775","1800","Virginia","510","Greenbrier","0775","Greenbrier",4345,4345,4319
"G5100810","1800","Virginia","510","Greensville","0810","Greensville",6727,6727,6727
"G5100830","1800","Virginia","510","Halifax","0830","Halifax",19377,19377,19377
"G5100833","1800","Virginia","510","Hampshire","0833","Hampshire",8348,8348,8348
"G5100850","1800","Virginia","510","Hanover","0850","Hanover",14403,14403,14403
"G5100853","1800","Virginia","510","Hardy","0853","Hardy",6627,6627,6627
"G5100857","1800","Virginia","510","Harrison","0857","Harrison",4848,4848,4848
"G5100870","1800","Virginia","510","Henrico","0870","Henrico",9149,9149,9149
"G5100890","1800","Virginia","510","Henry","0890","Henry",5259,5259,5259
"G5100930","1800","Virginia","510","Isle Of Wight","0930","Isle Of Wight",9342,9342,9342
"G5100950","1800","Virginia","510","James City","0950","James City",3931,3931,3931
"G5100957","1800","Virginia","510","Kanawha","0957","Kanawha",3239,3239,3239
"G5100970","1800","Virginia","510","King And Queen","0970","King And Queen",9879,9879,9779
"G5100990","1800","Virginia","510","King George","0990","King George",6749,6749,6749
"G5101010","1800","Virginia","510","King William","1010","King William",9055,9055,9055
"G5101030","1800","Virginia","510","Lancaster","1030","Lancaster",5375,5375,5375
"G5101050","1800","Virginia","510","Lee","1050","Lee",3538,3538,3538
"G5101070","1800","Virginia","510","Loudoun","1070","Loudoun",20523,20523,20523
"G5101090","1800","Virginia","510","Louisa","1090","Louisa",11892,11892,11892
"G5101110","1800","Virginia","510","Lunenburg","1110","Lunenburg",10381,10381,10381
"G5101130","1800","Virginia","510","Madison","1130","Madison",8322,8322,8322
"G5101150","1800","Virginia","510","Mathews","1150","Matthews",5806,5806,5806
"G5101170","1800","Virginia","510","Mecklenburg","1170","Mecklenburg",17008,17008,17008
"G5101190","1800","Virginia","510","Middlesex","1190","Middlesex",4203,4203,4203
"G5101193","1800","Virginia","510","Monongalia","1193","Monongalia",8540,8540,8540
"G5101197","1800","Virginia","510","Monroe","1197","Monroe",4188,4188,4188
"G5101210","1800","Virginia","510","Montgomery","1210","Montgomery",9044,9044,9044
"G5101230","1800","Virginia","510","Nansemond","1230","Nansemond",11127,11127,11127
"G5101270","1800","Virginia","510","New Kent","1270","New Kent",6363,6363,6363
"G5101290","1800","Virginia","510","Norfolk","1290","Norfolk",12493,12493,12493
"G5101310","1800","Virginia","510","Northampton","1310","Northampton",6763,6763,6763
"G5101330","1800","Virginia","510","Northumberland","1330","Northumberland",7803,7803,7803
"G5101350","1800","Virginia","510","Nottoway","1350","Nottoway",9401,9401,9401
"G5101355","1800","Virginia","510","Ohio","1355","Ohio",4740,4740,4740
"G5101370","1800","Virginia","510","Orange","1370","Orange",11449,11449,11449
"G5101410","1800","Virginia","510","Patrick","1410","Patrick",4331,4331,4331
"G5101415","1800","Virginia","510","Pendleton","1415","Pendleton",3962,3962,3962
"G5101430","1800","Virginia","510","Pittsylvania","1430","Pittsylvania",12697,12697,12697
"G5101450","1800","Virginia","510","Powhatan","1450","Powhatan",7769,7769,7769
"G5101470","1800","Virginia","510","Prince Edward","1470","Prince Edward",10962,10962,10962
"G5101490","1800","Virginia","510","Prince George","1490","Prince George",7425,7425,7425
"G5101510","1800","Virginia","510","Princess Anne","1510","Princess Anne",8859,8859,8859
"G5101530","1800","Virginia","510","Prince William","1530","Prince William",12733,12733,12733
"G5101557","1800","Virginia","510","Randolph","1557","Randolph",1826,1826,1826
"G5101590","1800","Virginia","510","Richmond","1590","Richmond",13744,13744,13744
"G5101630","1800","Virginia","510","Rockbridge","1630","Rockbridge",8945,8945,8945
"G5101650","1800","Virginia","510","Rockingham","1650","Rockingham",10374,10374,10374
"G5101670","1800","Virginia","510","Russell","1670","Russell",4808,4808,4808
"G5101710","1800","Virginia","510","Shenandoah","1710","Shenandoah",13823,13823,13823
"G5101750","1800","Virginia","510","Southampton","1750","Southampton",13925,13925,13925
"G5101770","1800","Virginia","510","Spotsylvania","1770","Spotsylvania",13002,13002,13002
"G5101790","1800","Virginia","510","Stafford","1790","Stafford",9971,9971,9971
"G5101810","1800","Virginia","510","Surry","1810","Surry",6535,6535,6535
"G5101830","1800","Virginia","510","Sussex","1830","Sussex",11062,11062,11062
"G5101850","1800","Virginia","510","Tazewell","1850","Tazewell",2127,2127,2127
"G5101890","1800","Virginia","510","Warwick","1890","Warwick",1659,1659,1659
"G5101910","1800","Virginia","510","Washington","1910","Washington",9536,9536,9536
"G5101953","1800","Virginia","510","Wood","1953","Wood",1217,1217,1217
"G5101970","1800","Virginia","510","Wythe","1970","Wythe",6380,6380,6380
"G5101990","1800","Virginia","510","York","1990","York",3231,3231,3231
"G5107100","1800","Virginia","510","Norfolk City","7100","Norfolk City",6926,6926,6926
"G5107300","1800","Virginia","510","Petersburg City","7300","Petersburg City",3521,3521,3521
"G5107600","1800","Virginia","510","Richmond City","7600","Richmond City",5737,5737,5737
