GISJOIN,YEAR,STATE,STATEA,COUNTY,COUNTYA,AREANAME,ABN001,ABY001
"G0100010","1830","Alabama","010","Autauga","0010","Autauga",11874,11874
"G0100030","1830","Alabama","010","Baldwin","0030","Baldwin",2324,2324
"G0100070","1830","Alabama","010","Bibb","0070","Bibb",6306,6306
"G0100090","1830","Alabama","010","Blount","0090","Blount",4233,4233
"G0100130","1830","Alabama","010","Butler","0130","Butler",5650,5650
"G0100250","1830","Alabama","010","Clarke","0250","Clarke",7595,7595
"G0100350","1830","Alabama","010","Conecuh","0350","Conecuh",7444,7444
"G0100390","1830","Alabama","010","Covington","0390","Covington",1522,1522
"G0100450","1830","Alabama","010","Dale","0450","Dale",2031,2031
"G0100470","1830","Alabama","010","Dallas","0470","Dallas",14017,14017
"G0100570","1830","Alabama","010","Fayette","0570","Fayette",3547,3547
"G0100590","1830","Alabama","010","Franklin","0590","Franklin",11078,11078
"G0100630","1830","Alabama","010","Greene","0630","Greene",15026,15026
"G0100670","1830","Alabama","010","Henry","0670","Henry",4020,4020
"G0100710","1830","Alabama","010","Jackson","0710","Jackson",12700,12700
"G0100730","1830","Alabama","010","Jefferson","0730","Jefferson",6855,6855
"G0100770","1830","Alabama","010","Lauderdale","0770","Lauderdale",11781,11781
"G0100790","1830","Alabama","010","Lawrence","0790","Lawrence",14984,14984
"G0100830","1830","Alabama","010","Limestone","0830","Limestone",14807,14807
"G0100850","1830","Alabama","010","Lowndes","0850","Lowndes",9410,9410
"G0100890","1830","Alabama","010","Madison","0890","Madison",27990,27990
"G0100910","1830","Alabama","010","Marengo","0910","Marengo",7700,7700
"G0100930","1830","Alabama","010","Marion","0930","Marion",4058,4058
"G0100970","1830","Alabama","010","Mobile","0970","Mobile",6267,6267
"G0100990","1830","Alabama","010","Monroe","0990","Monroe",8782,8782
"G0101010","1830","Alabama","010","Montgomery","1010","Montgomery",12695,12695
"G0101030","1830","Alabama","010","Morgan","1030","Morgan",9062,9062
"G0101050","1830","Alabama","010","Perry","1050","Perry",11490,11490
"G0101070","1830","Alabama","010","Pickens","1070","Pickens",6622,6622
"G0101090","1830","Alabama","010","Pike","1090","Pike",7108,7108
"G0101150","1830","Alabama","010","St Clair","1150","St Clair",5975,5975
"G0101170","1830","Alabama","010","Shelby","1170","Shelby",5704,5704
"G0101250","1830","Alabama","010","Tuscaloosa","1250","Tuscaloosa",13646,13646
"G0101270","1830","Alabama","010","Walker","1270","Walker",2202,2202
"G0101290","1830","Alabama","010","Washington","1290","Washington",3474,3474
"G0101310","1830","Alabama","010","Wilcox","1310","Wilcox",9548,9548
"G0550015","1830","Arkansas Territory","055","Arkansas","0015","Arkansas",1426,1426
"G0550035","1830","Arkansas Territory","055","Chicot","0035","Chicot",1165,1165
"G0550055","1830","Arkansas Territory","055","Clark","0055","Clark",1369,1369
"G0550075","1830","Arkansas Territory","055","Conway","0075","Conway",982,982
"G0550095","1830","Arkansas Territory","055","Crawford","0095","Crawford",2440,2440
"G0550115","1830","Arkansas Territory","055","Crittenden","0115","Crittenden",1272,1272
"G0550135","1830","Arkansas Territory","055","Hempstead","0135","Hempstead",2512,2512
"G0550155","1830","Arkansas Territory","055","Hot Spring","0155","Hot Spring",458,458
"G0550175","1830","Arkansas Territory","055","Independence","0175","Independence",2031,2031
"G0550195","1830","Arkansas Territory","055","Izard","0195","Izard",1266,1266
"G0550215","1830","Arkansas Territory","055","Jackson","0215","Jackson",333,333
"G0550235","1830","Arkansas Territory","055","Jefferson","0235","Jefferson",772,772
"G0550255","1830","Arkansas Territory","055","Lafayette","0255","Lafayette",748,748
"G0550275","1830","Arkansas Territory","055","Lawrence","0275","Lawrence",2806,2806
"G0550295","1830","Arkansas Territory","055","Miller","0295","Miller",356,356
"G0550315","1830","Arkansas Territory","055","Monroe","0315","Monroe",461,461
"G0550335","1830","Arkansas Territory","055","Phillips","0335","Phillips",1152,1152
"G0550355","1830","Arkansas Territory","055","Pope","0355","Pope",1483,1483
"G0550375","1830","Arkansas Territory","055","Pulaski","0375","Pulaski",2395,2395
"G0550395","1830","Arkansas Territory","055","St Francis","0395","St Francis",1505,1505
"G0550415","1830","Arkansas Territory","055","Sevier","0415","Sevier",634,634
"G0550435","1830","Arkansas Territory","055","Union","0435","Union",640,640
"G0550455","1830","Arkansas Territory","055","Washington","0455","Washington",2182,2182
"G0900010","1830","Connecticut","090","Fairfield","0010","Fairfield",47010,47010
"G0900030","1830","Connecticut","090","Hartford","0030","Hartford",51131,51131
"G0900050","1830","Connecticut","090","Litchfield","0050","Litchfield",42858,42858
"G0900070","1830","Connecticut","090","Middlesex","0070","Middlesex",24844,24844
"G0900090","1830","Connecticut","090","New Haven","0090","New Haven",43847,43847
"G0900110","1830","Connecticut","090","New London","0110","New London",42201,42201
"G0900130","1830","Connecticut","090","Tolland","0130","Tolland",18702,18702
"G0900150","1830","Connecticut","090","Windham","0150","Windham",27082,27082
"G1000010","1830","Delaware","100","Kent","0010","Kent",19913,19913
"G1000030","1830","Delaware","100","New Castle","0030","New Castle",29720,29720
"G1000050","1830","Delaware","100","Sussex","0050","Sussex",27115,27115
"G1100005","1830","District Of Columbia","110","Alexandria","0005","Alexandria",8241,8241
"G1100017","1830","District Of Columbia","110","Georgetown","0017","Georgetown",8441,8441
"G1100035","1830","District Of Columbia","110","Rural Alexandria County","0035","Rural Alexandria County",1332,1332
"G1100075","1830","District Of Columbia","110","Rural Washington county","0075","Rural Washington county",2994,2994
"G1100115","1830","District Of Columbia","110","Washington City","0115","Washington City",18826,18826
"G1250015","1830","Florida Territory","125","Alachua","0015","Alachua",2204,2204
"G1250075","1830","Florida Territory","125","Duval","0075","Duval",1970,1970
"G1250095","1830","Florida Territory","125","Escambia","0095","Escambia",2518,2518
"G1250097","1830","Florida Territory","125","Escambia (part) and Walton (part)","0097","Escambia (part) and Walton (part)",868,868
"G1250135","1830","Florida Territory","125","Gadsden","0135","Gadsden",4895,4895
"G1250155","1830","Florida Territory","125","Hamilton","0155","Hamilton",553,553
"G1250195","1830","Florida Territory","125","Jackson","0195","Jackson",3907,3907
"G1250215","1830","Florida Territory","125","Jefferson","0215","Jefferson",3312,3312
"G1250235","1830","Florida Territory","125","Leon","0235","Leon",6494,6494
"G1250255","1830","Florida Territory","125","Madison","0255","Madison",525,525
"G1250275","1830","Florida Territory","125","Monroe","0275","Monroe",517,517
"G1250295","1830","Florida Territory","125","Mosquito","0295","Mosquito",733,733
"G1250315","1830","Florida Territory","125","Nassau","0315","Nassau",1511,1511
"G1250355","1830","Florida Territory","125","St Johns","0355","St Johns",2538,2538
"G1250375","1830","Florida Territory","125","Walton","0375","Walton",1207,1207
"G1250395","1830","Florida Territory","125","Washington","0395","Washington",978,978
"G1300010","1830","Georgia","130","Appling","0010","Appling",1468,1468
"G1300070","1830","Georgia","130","Baker","0070","Baker",1253,1253
"G1300090","1830","Georgia","130","Baldwin","0090","Baldwin",7295,7295
"G1300210","1830","Georgia","130","Bibb","0210","Bibb",7154,7154
"G1300290","1830","Georgia","130","Bryan","0290","Bryan",3139,3139
"G1300310","1830","Georgia","130","Bulloch","0310","Bulloch",2587,2587
"G1300330","1830","Georgia","130","Burke","0330","Burke",11833,11833
"G1300350","1830","Georgia","130","Butts","0350","Butts",4944,4944
"G1300390","1830","Georgia","130","Camden","0390","Camden",4578,4578
"G1300395","1830","Georgia","130","Campbell","0395","Campbell",3323,3323
"G1300450","1830","Georgia","130","Carroll","0450","Carroll",3419,3419
"G1300510","1830","Georgia","130","Chatham","0510","Chatham",14127,14127
"G1300590","1830","Georgia","130","Clarke","0590","Clarke",10176,10176
"G1300730","1830","Georgia","130","Columbia","0730","Columbia",12606,12606
"G1300770","1830","Georgia","130","Coweta","0770","Coweta",5003,5003
"G1300790","1830","Georgia","130","Crawford","0790","Crawford",5313,5313
"G1300870","1830","Georgia","130","Decatur","0870","Decatur",3854,3854
"G1300890","1830","Georgia","130","DeKalb","0890","De Kalb",10042,10042
"G1300930","1830","Georgia","130","Dooly","0930","Dooly",2135,2135
"G1300990","1830","Georgia","130","Early","0990","Early",2051,2051
"G1301030","1830","Georgia","130","Effingham","1030","Effingham",2924,2924
"G1301050","1830","Georgia","130","Elbert","1050","Elbert",12354,12354
"G1301070","1830","Georgia","130","Emanuel","1070","Emanuel",2673,2673
"G1301130","1830","Georgia","130","Fayette","1130","Fayette",5504,5504
"G1301190","1830","Georgia","130","Franklin","1190","Franklin",10107,10107
"G1301270","1830","Georgia","130","Glynn","1270","Glynn",4567,4567
"G1301330","1830","Georgia","130","Greene","1330","Greene",12549,12549
"G1301350","1830","Georgia","130","Gwinnett","1350","Gwinnett",13289,13289
"G1301370","1830","Georgia","130","Habersham","1370","Habersham",10671,10671
"G1301390","1830","Georgia","130","Hall","1390","Hall",11748,11748
"G1301410","1830","Georgia","130","Hancock","1410","Hancock",11820,11820
"G1301450","1830","Georgia","130","Harris","1450","Harris",5105,5105
"G1301510","1830","Georgia","130","Henry","1510","Henry",10566,10566
"G1301530","1830","Georgia","130","Houston","1530","Houston",7369,7369
"G1301550","1830","Georgia","130","Irwin","1550","Irwin",1180,1180
"G1301570","1830","Georgia","130","Jackson","1570","Jackson",9004,9004
"G1301590","1830","Georgia","130","Jasper","1590","Jasper",13131,13131
"G1301630","1830","Georgia","130","Jefferson","1630","Jefferson",7309,7309
"G1301690","1830","Georgia","130","Jones","1690","Jones",13345,13345
"G1301750","1830","Georgia","130","Laurens","1750","Laurens",5589,5589
"G1301770","1830","Georgia","130","Lee","1770","Lee",1680,1680
"G1301790","1830","Georgia","130","Liberty","1790","Liberty",7233,7233
"G1301810","1830","Georgia","130","Lincoln","1810","Lincoln",6145,6145
"G1301850","1830","Georgia","130","Lowndes","1850","Lowndes",2453,2453
"G1301910","1830","Georgia","130","McIntosh","1910","Mcintosh",4998,4998
"G1301950","1830","Georgia","130","Madison","1950","Madison",4646,4646
"G1301970","1830","Georgia","130","Marion","1970","Marion",1436,1436
"G1301990","1830","Georgia","130","Meriwether","1990","Meriwether",4422,4422
"G1302070","1830","Georgia","130","Monroe","2070","Monroe",16202,16202
"G1302090","1830","Georgia","130","Montgomery","2090","Montgomery",1269,1269
"G1302110","1830","Georgia","130","Morgan","2110","Morgan",12046,12046
"G1302150","1830","Georgia","130","Muscogee","2150","Muscogee",3508,3508
"G1302170","1830","Georgia","130","Newton","2170","Newton",11155,11155
"G1302210","1830","Georgia","130","Oglethorpe","2210","Oglethorpe",13618,13618
"G1302310","1830","Georgia","130","Pike","2310","Pike",6149,6149
"G1302350","1830","Georgia","130","Pulaski","2350","Pulaski",4906,4906
"G1302370","1830","Georgia","130","Putnam","2370","Putnam",13261,13261
"G1302410","1830","Georgia","130","Rabun","2410","Rabun",2176,2176
"G1302430","1830","Georgia","130","Randolph","2430","Randolph",2191,2191
"G1302450","1830","Georgia","130","Richmond","2450","Richmond",11644,11644
"G1302510","1830","Georgia","130","Screven","2510","Screven",4776,4776
"G1302630","1830","Georgia","130","Talbot","2630","Talbot",5940,5940
"G1302650","1830","Georgia","130","Taliaferro","2650","Taliaferro",4934,4934
"G1302670","1830","Georgia","130","Tattnall","2670","Tattnall",2040,2040
"G1302710","1830","Georgia","130","Telfair","2710","Telfair",2136,2136
"G1302750","1830","Georgia","130","Thomas","2750","Thomas",3299,3299
"G1302850","1830","Georgia","130","Troup","2850","Troup",5799,5799
"G1302890","1830","Georgia","130","Twiggs","2890","Twiggs",8031,8031
"G1302930","1830","Georgia","130","Upson","2930","Upson",7013,7013
"G1302970","1830","Georgia","130","Walton","2970","Walton",10929,10929
"G1302990","1830","Georgia","130","Ware","2990","Ware",1205,1205
"G1303010","1830","Georgia","130","Warren","3010","Warren",10946,10946
"G1303030","1830","Georgia","130","Washington","3030","Washington",9820,9820
"G1303050","1830","Georgia","130","Wayne","3050","Wayne",963,963
"G1303170","1830","Georgia","130","Wilkes","3170","Wilkes",14237,14237
"G1303190","1830","Georgia","130","Wilkinson","3190","Wilkinson",6513,6513
"G1700010","1830","Illinois","170","Adams","0010","Adams",2186,2186
"G1700030","1830","Illinois","170","Alexander","0030","Alexander",1390,1390
"G1700050","1830","Illinois","170","Bond","0050","Bond",3124,3124
"G1700130","1830","Illinois","170","Calhoun","0130","Calhoun",1090,1090
"G1700230","1830","Illinois","170","Clark","0230","Clark",3940,3940
"G1700250","1830","Illinois","170","Clay","0250","Clay",755,755
"G1700270","1830","Illinois","170","Clinton","0270","Clinton",2330,2330
"G1700330","1830","Illinois","170","Crawford","0330","Crawford",3117,3117
"G1700450","1830","Illinois","170","Edgar","0450","Edgar",4071,4071
"G1700470","1830","Illinois","170","Edwards","0470","Edwards",1649,1649
"G1700510","1830","Illinois","170","Fayette","0510","Fayette",2704,2704
"G1700550","1830","Illinois","170","Franklin","0550","Franklin",4083,4083
"G1700570","1830","Illinois","170","Fulton","0570","Fulton",1841,1841
"G1700590","1830","Illinois","170","Gallatin","0590","Gallatin",7405,7405
"G1700610","1830","Illinois","170","Greene","0610","Greene",7674,7674
"G1700650","1830","Illinois","170","Hamilton","0650","Hamilton",2616,2616
"G1700670","1830","Illinois","170","Hancock","0670","Hancock",483,483
"G1700730","1830","Illinois","170","Henry","0730","Henry",41,41
"G1700770","1830","Illinois","170","Jackson","0770","Jackson",1828,1828
"G1700810","1830","Illinois","170","Jefferson","0810","Jefferson",2555,2555
"G1700850","1830","Illinois","170","Jo Daviess","0850","Jo Daviess",2111,2111
"G1700870","1830","Illinois","170","Johnson","0870","Johnson",1596,1596
"G1700950","1830","Illinois","170","Knox","0950","Knox",274,274
"G1701010","1830","Illinois","170","Lawrence","1010","Lawrence",3668,3668
"G1701150","1830","Illinois","170","Macon","1150","Macon",1122,1122
"G1701170","1830","Illinois","170","Macoupin","1170","Macoupin",1990,1990
"G1701190","1830","Illinois","170","Madison","1190","Madison",6221,6221
"G1701210","1830","Illinois","170","Marion","1210","Marion",2125,2125
"G1701310","1830","Illinois","170","Mercer","1310","Mercer",26,26
"G1701330","1830","Illinois","170","Monroe","1330","Monroe",2000,2000
"G1701350","1830","Illinois","170","Montgomery","1350","Montgomery",2953,2953
"G1701370","1830","Illinois","170","Morgan","1370","Morgan",12714,12714
"G1701450","1830","Illinois","170","Perry","1450","Perry",1215,1215
"G1701490","1830","Illinois","170","Pike","1490","Pike",2396,2396
"G1701510","1830","Illinois","170","Pope","1510","Pope",3316,3316
"G1701550","1830","Illinois","170","Putnam","1550","Putnam",1310,1310
"G1701570","1830","Illinois","170","Randolph","1570","Randolph",4429,4429
"G1701630","1830","Illinois","170","St Clair","1630","St Clair",7078,7078
"G1701670","1830","Illinois","170","Sangamon","1670","Sangamon",12960,12960
"G1701690","1830","Illinois","170","Schuyler","1690","Schuyler",2959,2959
"G1701730","1830","Illinois","170","Shelby","1730","Shelby",2972,2972
"G1701790","1830","Illinois","170","Tazewell","1790","Tazewell",4716,4716
"G1701810","1830","Illinois","170","Union","1810","Union",3239,3239
"G1701830","1830","Illinois","170","Vermilion","1830","Vermilion",5836,5836
"G1701850","1830","Illinois","170","Wabash","1850","Wabash",2710,2710
"G1701870","1830","Illinois","170","Warren","1870","Warren",308,308
"G1701890","1830","Illinois","170","Washington","1890","Washington",1675,1675
"G1701910","1830","Illinois","170","Wayne","1910","Wayne",2553,2553
"G1701930","1830","Illinois","170","White","1930","White",6091,6091
"G1800030","1830","Indiana","180","Allen","0030","Allen",996,996
"G1800050","1830","Indiana","180","Bartholomew","0050","Bartholomew",5476,5476
"G1800110","1830","Indiana","180","Boone","0110","Boone",621,621
"G1800150","1830","Indiana","180","Carroll","0150","Carroll",1611,1611
"G1800170","1830","Indiana","180","Cass","0170","Cass",1162,1162
"G1800190","1830","Indiana","180","Clark","0190","Clark",10686,10686
"G1800210","1830","Indiana","180","Clay","0210","Clay",1616,1616
"G1800230","1830","Indiana","180","Clinton","0230","Clinton",1423,1423
"G1800250","1830","Indiana","180","Crawford","0250","Crawford",3238,3238
"G1800270","1830","Indiana","180","Daviess","0270","Daviess",4543,4543
"G1800290","1830","Indiana","180","Dearborn","0290","Dearborn",13974,13974
"G1800310","1830","Indiana","180","Decatur","0310","Decatur",5887,5887
"G1800350","1830","Indiana","180","Delaware","0350","Delaware",2374,2374
"G1800370","1830","Indiana","180","Dubois","0370","Dubois",1778,1778
"G1800390","1830","Indiana","180","Elkhart","0390","Elkhart",935,935
"G1800410","1830","Indiana","180","Fayette","0410","Fayette",9112,9112
"G1800430","1830","Indiana","180","Floyd","0430","Floyd",6361,6361
"G1800450","1830","Indiana","180","Fountain","0450","Fountain",7619,7619
"G1800470","1830","Indiana","180","Franklin","0470","Franklin",10190,10190
"G1800510","1830","Indiana","180","Gibson","0510","Gibson",5418,5418
"G1800550","1830","Indiana","180","Greene","0550","Greene",4242,4242
"G1800570","1830","Indiana","180","Hamilton","0570","Hamilton",1757,1757
"G1800590","1830","Indiana","180","Hancock","0590","Hancock",1436,1436
"G1800610","1830","Indiana","180","Harrison","0610","Harrison",10273,10273
"G1800630","1830","Indiana","180","Hendricks","0630","Hendricks",3975,3975
"G1800650","1830","Indiana","180","Henry","0650","Henry",6497,6497
"G1800710","1830","Indiana","180","Jackson","0710","Jackson",4870,4870
"G1800770","1830","Indiana","180","Jefferson","0770","Jefferson",11465,11465
"G1800790","1830","Indiana","180","Jennings","0790","Jennings",3974,3974
"G1800810","1830","Indiana","180","Johnson","0810","Johnson",4019,4019
"G1800830","1830","Indiana","180","Knox","0830","Knox",6525,6525
"G1800930","1830","Indiana","180","Lawrence","0930","Lawrence",9234,9234
"G1800950","1830","Indiana","180","Madison","0950","Madison",2238,2238
"G1800970","1830","Indiana","180","Marion","0970","Marion",7192,7192
"G1801010","1830","Indiana","180","Martin","1010","Martin",2010,2010
"G1801050","1830","Indiana","180","Monroe","1050","Monroe",6577,6577
"G1801070","1830","Indiana","180","Montgomery","1070","Montgomery",7317,7317
"G1801090","1830","Indiana","180","Morgan","1090","Morgan",5593,5593
"G1801170","1830","Indiana","180","Orange","1170","Orange",7901,7901
"G1801190","1830","Indiana","180","Owen","1190","Owen",4017,4017
"G1801210","1830","Indiana","180","Parke","1210","Parke",7535,7535
"G1801230","1830","Indiana","180","Perry","1230","Perry",3369,3369
"G1801250","1830","Indiana","180","Pike","1250","Pike",2475,2475
"G1801290","1830","Indiana","180","Posey","1290","Posey",6549,6549
"G1801330","1830","Indiana","180","Putnam","1330","Putnam",8262,8262
"G1801350","1830","Indiana","180","Randolph","1350","Randolph",3912,3912
"G1801370","1830","Indiana","180","Ripley","1370","Ripley",3989,3989
"G1801390","1830","Indiana","180","Rush","1390","Rush",9707,9707
"G1801410","1830","Indiana","180","St Joseph","1410","St Joseph",287,287
"G1801430","1830","Indiana","180","Scott","1430","Scott",3092,3092
"G1801450","1830","Indiana","180","Shelby","1450","Shelby",6295,6295
"G1801470","1830","Indiana","180","Spencer","1470","Spencer",3196,3196
"G1801530","1830","Indiana","180","Sullivan","1530","Sullivan",4630,4630
"G1801550","1830","Indiana","180","Switzerland","1550","Switzerland",7028,7028
"G1801570","1830","Indiana","180","Tippecanoe","1570","Tippecanoe",7187,7187
"G1801610","1830","Indiana","180","Union","1610","Union",7944,7944
"G1801630","1830","Indiana","180","Vanderburgh","1630","Vanderburgh",2611,2611
"G1801650","1830","Indiana","180","Vermillion","1650","Vermillion",5692,5692
"G1801670","1830","Indiana","180","Vigo","1670","Vigo",5766,5766
"G1801710","1830","Indiana","180","Warren","1710","Warren",2861,2861
"G1801730","1830","Indiana","180","Warrick","1730","Warrick",2877,2877
"G1801750","1830","Indiana","180","Washington","1750","Washington",13064,13064
"G1801770","1830","Indiana","180","Wayne","1770","Wayne",18571,18571
"G2100010","1830","Kentucky","210","Adair","0010","Adair",8217,8217
"G2100030","1830","Kentucky","210","Allen","0030","Allen",6485,6485
"G2100050","1830","Kentucky","210","Anderson","0050","Anderson",4520,4520
"G2100090","1830","Kentucky","210","Barren","0090","Barren",15079,15079
"G2100110","1830","Kentucky","210","Bath","0110","Bath",8799,8799
"G2100150","1830","Kentucky","210","Boone","0150","Boone",9075,9075
"G2100170","1830","Kentucky","210","Bourbon","0170","Bourbon",18436,18436
"G2100230","1830","Kentucky","210","Bracken","0230","Bracken",6518,6518
"G2100270","1830","Kentucky","210","Breckinridge","0270","Breckinridge",7345,7345
"G2100290","1830","Kentucky","210","Bullitt","0290","Bullitt",5652,5652
"G2100310","1830","Kentucky","210","Butler","0310","Butler",3058,3058
"G2100330","1830","Kentucky","210","Caldwell","0330","Caldwell",8324,8324
"G2100350","1830","Kentucky","210","Calloway","0350","Calloway",5164,5164
"G2100370","1830","Kentucky","210","Campbell","0370","Campbell",9883,9883
"G2100450","1830","Kentucky","210","Casey","0450","Casey",4342,4342
"G2100470","1830","Kentucky","210","Christian","0470","Christian",12684,12684
"G2100490","1830","Kentucky","210","Clark","0490","Clark",13051,13051
"G2100510","1830","Kentucky","210","Clay","0510","Clay",3548,3548
"G2100570","1830","Kentucky","210","Cumberland","0570","Cumberland",8624,8624
"G2100590","1830","Kentucky","210","Daviess","0590","Daviess",5209,5209
"G2100610","1830","Kentucky","210","Edmonson","0610","Edmonson",2642,2642
"G2100650","1830","Kentucky","210","Estill","0650","Estill",4618,4618
"G2100670","1830","Kentucky","210","Fayette","0670","Fayette",25098,25098
"G2100690","1830","Kentucky","210","Fleming","0690","Fleming",13499,13499
"G2100710","1830","Kentucky","210","Floyd","0710","Floyd",4347,4347
"G2100730","1830","Kentucky","210","Franklin","0730","Franklin",9254,9254
"G2100770","1830","Kentucky","210","Gallatin","0770","Gallatin",6674,6674
"G2100790","1830","Kentucky","210","Garrard","0790","Garrard",11871,11871
"G2100810","1830","Kentucky","210","Grant","0810","Grant",2986,2986
"G2100830","1830","Kentucky","210","Graves","0830","Graves",2504,2504
"G2100850","1830","Kentucky","210","Grayson","0850","Grayson",3880,3880
"G2100870","1830","Kentucky","210","Green","0870","Green",13138,13138
"G2100890","1830","Kentucky","210","Greenup","0890","Greenup",5852,5852
"G2100910","1830","Kentucky","210","Hancock","0910","Hancock",1515,1515
"G2100930","1830","Kentucky","210","Hardin","0930","Hardin",12849,12849
"G2100950","1830","Kentucky","210","Harlan","0950","Harlan",2929,2929
"G2100970","1830","Kentucky","210","Harrison","0970","Harrison",13234,13234
"G2100990","1830","Kentucky","210","Hart","0990","Hart",5191,5191
"G2101010","1830","Kentucky","210","Henderson","1010","Henderson",6659,6659
"G2101030","1830","Kentucky","210","Henry","1030","Henry",11387,11387
"G2101050","1830","Kentucky","210","Hickman","1050","Hickman",5198,5198
"G2101070","1830","Kentucky","210","Hopkins","1070","Hopkins",6763,6763
"G2101110","1830","Kentucky","210","Jefferson","1110","Jefferson",23979,23979
"G2101130","1830","Kentucky","210","Jessamine","1130","Jessamine",9960,9960
"G2101210","1830","Kentucky","210","Knox","1210","Knox",4315,4315
"G2101250","1830","Kentucky","210","Laurel","1250","Laurel",2206,2206
"G2101270","1830","Kentucky","210","Lawrence","1270","Lawrence",3900,3900
"G2101350","1830","Kentucky","210","Lewis","1350","Lewis",5229,5229
"G2101370","1830","Kentucky","210","Lincoln","1370","Lincoln",11002,11002
"G2101390","1830","Kentucky","210","Livingston","1390","Livingston",5971,5971
"G2101410","1830","Kentucky","210","Logan","1410","Logan",13012,13012
"G2101450","1830","Kentucky","210","McCracken","1450","Mccracken",1297,1297
"G2101510","1830","Kentucky","210","Madison","1510","Madison",18751,18751
"G2101610","1830","Kentucky","210","Mason","1610","Mason",16199,16199
"G2101630","1830","Kentucky","210","Meade","1630","Meade",4131,4131
"G2101670","1830","Kentucky","210","Mercer","1670","Mercer",17694,17694
"G2101710","1830","Kentucky","210","Monroe","1710","Monroe",5340,5340
"G2101730","1830","Kentucky","210","Montgomery","1730","Montgomery",10240,10240
"G2101750","1830","Kentucky","210","Morgan","1750","Morgan",2857,2857
"G2101770","1830","Kentucky","210","Muhlenberg","1770","Muhlenberg",5340,5340
"G2101790","1830","Kentucky","210","Nelson","1790","Nelson",14932,14932
"G2101810","1830","Kentucky","210","Nicholas","1810","Nicholas",8834,8834
"G2101830","1830","Kentucky","210","Ohio","1830","Ohio",4715,4715
"G2101850","1830","Kentucky","210","Oldham","1850","Oldham",9588,9588
"G2101870","1830","Kentucky","210","Owen","1870","Owen",5786,5786
"G2101910","1830","Kentucky","210","Pendleton","1910","Pendleton",3863,3863
"G2101930","1830","Kentucky","210","Perry","1930","Perry",3330,3330
"G2101950","1830","Kentucky","210","Pike","1950","Pike",2677,2677
"G2101990","1830","Kentucky","210","Pulaski","1990","Pulaski",9500,9500
"G2102030","1830","Kentucky","210","Rockcastle","2030","Rockcastle",2865,2865
"G2102070","1830","Kentucky","210","Russell","2070","Russell",3879,3879
"G2102090","1830","Kentucky","210","Scott","2090","Scott",14677,14677
"G2102110","1830","Kentucky","210","Shelby","2110","Shelby",19030,19030
"G2102130","1830","Kentucky","210","Simpson","2130","Simpson",5815,5815
"G2102150","1830","Kentucky","210","Spencer","2150","Spencer",6812,6812
"G2102190","1830","Kentucky","210","Todd","2190","Todd",8680,8680
"G2102210","1830","Kentucky","210","Trigg","2210","Trigg",5916,5916
"G2102250","1830","Kentucky","210","Union","2250","Union",4764,4764
"G2102270","1830","Kentucky","210","Warren","2270","Warren",10949,10949
"G2102290","1830","Kentucky","210","Washington","2290","Washington",19017,19017
"G2102310","1830","Kentucky","210","Wayne","2310","Wayne",8685,8685
"G2102350","1830","Kentucky","210","Whitley","2350","Whitley",3806,3806
"G2102390","1830","Kentucky","210","Woodford","2390","Woodford",12273,12273
"G2200050","1830","Louisiana","220","Ascension","0050","Ascension",5426,5426
"G2200070","1830","Louisiana","220","Assumption","0070","Assumption",5669,5669
"G2200090","1830","Louisiana","220","Avoyelles","0090","Avoyelles",3484,3484
"G2200250","1830","Louisiana","220","Catahoula","0250","Catahoula",2581,2581
"G2200270","1830","Louisiana","220","Claiborne","0270","Claiborne",1764,1764
"G2200290","1830","Louisiana","220","Concordia","0290","Concordia",4662,4662
"G2200330","1830","Louisiana","220","East Baton Rouge","0330","East Baton Rouge",6698,6698
"G2200370","1830","Louisiana","220","East Feliciana","0370","East Feliciana",8247,8247
"G2200470","1830","Louisiana","220","Iberville","0470","Iberville",7049,7049
"G2200510","1830","Louisiana","220","Jefferson","0510","Jefferson",6846,6846
"G2200550","1830","Louisiana","220","Lafayette","0550","Lafayette",5653,5653
"G2200570","1830","Louisiana","220","Lafourche","0570","Lafourche",5503,5503
"G2200690","1830","Louisiana","220","Natchitoches","0690","Natchitoches",7905,7905
"G2200710","1830","Louisiana","220","Orleans","0710","Orleans",49826,49826
"G2200730","1830","Louisiana","220","Ouachita","0730","Ouachita",5140,5140
"G2200750","1830","Louisiana","220","Plaquemines","0750","Plaquemines",4489,4489
"G2200770","1830","Louisiana","220","Pointe Coupee","0770","Pointe Coupee",5936,5936
"G2200790","1830","Louisiana","220","Rapides","0790","Rapides",7575,7575
"G2200870","1830","Louisiana","220","St Bernard","0870","St Bernard",3356,3356
"G2200890","1830","Louisiana","220","St Charles","0890","St Charles",5147,5147
"G2200910","1830","Louisiana","220","St Helena","0910","St Helena",4028,4028
"G2200930","1830","Louisiana","220","St James","0930","St James",7646,7646
"G2200950","1830","Louisiana","220","St John The Baptist","0950","St John The Baptist",5677,5677
"G2200970","1830","Louisiana","220","St Landry","0970","St Landry",12591,12591
"G2200990","1830","Louisiana","220","St Martin","0990","St Martin",7205,7205
"G2201010","1830","Louisiana","220","St Mary","1010","St Mary",6442,6442
"G2201030","1830","Louisiana","220","St Tammany","1030","St Tammany",2864,2864
"G2201090","1830","Louisiana","220","Terrebonne","1090","Terrebonne",2121,2121
"G2201170","1830","Louisiana","220","Washington","1170","Washington",2286,2286
"G2201210","1830","Louisiana","220","West Baton Rouge","1210","West Baton Rouge",3084,3084
"G2201250","1830","Louisiana","220","West Feliciana","1250","West Feliciana",8629,8629
"G2300050","1830","Maine","230","Cumberland","0050","Cumberland",60102,60102
"G2300090","1830","Maine","230","Hancock","0090","Hancock",24336,24336
"G2300110","1830","Maine","230","Kennebec","0110","Kennebec",52485,52485
"G2300150","1830","Maine","230","Lincoln","0150","Lincoln",57192,57192
"G2300170","1830","Maine","230","Oxford","0170","Oxford",35219,35219
"G2300190","1830","Maine","230","Penobscot","0190","Penobscot",31530,31530
"G2300250","1830","Maine","230","Somerset","0250","Somerset",35787,35787
"G2300270","1830","Maine","230","Waldo","0270","Waldo",29788,29788
"G2300290","1830","Maine","230","Washington","0290","Washington",21294,21294
"G2300310","1830","Maine","230","York","0310","York",51722,51722
"G2400010","1830","Maryland","240","Allegany","0010","Allegany",10609,10609
"G2400030","1830","Maryland","240","Anne Arundel","0030","Anne Arundel",28295,28295
"G2400050","1830","Maryland","240","Baltimore","0050","Baltimore",40250,40250
"G2400090","1830","Maryland","240","Calvert","0090","Calvert",8900,8900
"G2400110","1830","Maryland","240","Caroline","0110","Caroline",9070,9070
"G2400150","1830","Maryland","240","Cecil","0150","Cecil",15432,15432
"G2400170","1830","Maryland","240","Charles","0170","Charles",17769,17769
"G2400190","1830","Maryland","240","Dorchester","0190","Dorchester",18686,18686
"G2400210","1830","Maryland","240","Frederick","0210","Frederick",45789,45789
"G2400250","1830","Maryland","240","Harford","0250","Harford",16319,16319
"G2400290","1830","Maryland","240","Kent","0290","Kent",10501,10501
"G2400310","1830","Maryland","240","Montgomery","0310","Montgomery",19816,19816
"G2400330","1830","Maryland","240","Prince Georges","0330","Prince Georges",20474,20474
"G2400350","1830","Maryland","240","Queen Anne's","0350","Queen Anne's",14397,14397
"G2400370","1830","Maryland","240","St Mary's","0370","St Mary's",13459,13459
"G2400390","1830","Maryland","240","Somerset","0390","Somerset",20166,20166
"G2400410","1830","Maryland","240","Talbot","0410","Talbot",12947,12947
"G2400430","1830","Maryland","240","Washington","0430","Washington",25268,25268
"G2400470","1830","Maryland","240","Worcester","0470","Worcester",18273,18273
"G2405100","1830","Maryland","240","Baltimore City","5100","Baltimore City",80620,80620
"G2500010","1830","Massachusetts","250","Barnstable","0010","Barnstable",28514,28514
"G2500030","1830","Massachusetts","250","Berkshire","0030","Berkshire",37835,37835
"G2500050","1830","Massachusetts","250","Bristol","0050","Bristol",49592,49592
"G2500070","1830","Massachusetts","250","Dukes","0070","Dukes",3517,3517
"G2500090","1830","Massachusetts","250","Essex","0090","Essex",82859,82859
"G2500110","1830","Massachusetts","250","Franklin","0110","Franklin",29501,29501
"G2500130","1830","Massachusetts","250","Hampden","0130","Hampden",31639,31639
"G2500150","1830","Massachusetts","250","Hampshire","0150","Hampshire",30254,30254
"G2500170","1830","Massachusetts","250","Middlesex","0170","Middlesex",77961,77961
"G2500190","1830","Massachusetts","250","Nantucket","0190","Nantucket",7202,7202
"G2500210","1830","Massachusetts","250","Norfolk","0210","Norfolk",41972,41972
"G2500230","1830","Massachusetts","250","Plymouth","0230","Plymouth",43044,43044
"G2500250","1830","Massachusetts","250","Suffolk","0250","Suffolk",62163,62163
"G2500270","1830","Massachusetts","250","Worcester","0270","Worcester",84355,84355
"G2650025","1830","Michigan Territory","265","Berrien","0025","Berrien",325,325
"G2650035","1830","Michigan Territory","265","Brown","0035","Brown",1356,1356
"G2650055","1830","Michigan Territory","265","Cass","0055","Cass",919,919
"G2650075","1830","Michigan Territory","265","Chippewa","0075","Chippewa",626,626
"G2650095","1830","Michigan Territory","265","Crawford","0095","Crawford",692,692
"G2650175","1830","Michigan Territory","265","Iowa","0175","Iowa",1587,1587
"G2650195","1830","Michigan Territory","265","Lenawee","0195","Lenawee",1491,1491
"G2650215","1830","Michigan Territory","265","Macomb","0215","Macomb",2413,2413
"G2650235","1830","Michigan Territory","265","Michilimackinac","0235","Michilimackinac",877,877
"G2650255","1830","Michigan Territory","265","Monroe","0255","Monroe",3187,3187
"G2650275","1830","Michigan Territory","265","Oakland","0275","Oakland",4911,4911
"G2650295","1830","Michigan Territory","265","St Clair","0295","St Clair",1114,1114
"G2650315","1830","Michigan Territory","265","St Joseph","0315","St Joseph",1313,1313
"G2650335","1830","Michigan Territory","265","Van Buren","0335","Van Buren",5,5
"G2650355","1830","Michigan Territory","265","Washtenaw","0355","Washtenaw",4042,4042
"G2650375","1830","Michigan Territory","265","Wayne","0375","Wayne",6781,6781
"G2800010","1830","Mississippi","280","Adams","0010","Adams",14937,14937
"G2800050","1830","Mississippi","280","Amite","0050","Amite",7934,7934
"G2800210","1830","Mississippi","280","Claiborne","0210","Claiborne",9787,9787
"G2800290","1830","Mississippi","280","Copiah","0290","Copiah",7001,7001
"G2800310","1830","Mississippi","280","Covington","0310","Covington",2551,2551
"G2800370","1830","Mississippi","280","Franklin","0370","Franklin",4622,4622
"G2800410","1830","Mississippi","280","Greene","0410","Greene",1854,1854
"G2800450","1830","Mississippi","280","Hancock","0450","Hancock",1962,1962
"G2800490","1830","Mississippi","280","Hinds","0490","Hinds",8645,8645
"G2800590","1830","Mississippi","280","Jackson","0590","Jackson",1792,1792
"G2800630","1830","Mississippi","280","Jefferson","0630","Jefferson",9755,9755
"G2800670","1830","Mississippi","280","Jones","0670","Jones",1471,1471
"G2800770","1830","Mississippi","280","Lawrence","0770","Lawrence",5293,5293
"G2800870","1830","Mississippi","280","Lowndes","0870","Lowndes",3173,3173
"G2800890","1830","Mississippi","280","Madison","0890","Madison",4973,4973
"G2800910","1830","Mississippi","280","Marion","0910","Marion",3691,3691
"G2800950","1830","Mississippi","280","Monroe","0950","Monroe",3861,3861
"G2801110","1830","Mississippi","280","Perry","1110","Perry",2300,2300
"G2801130","1830","Mississippi","280","Pike","1130","Pike",5402,5402
"G2801210","1830","Mississippi","280","Rankin","1210","Rankin",2083,2083
"G2801270","1830","Mississippi","280","Simpson","1270","Simpson",2680,2680
"G2801490","1830","Mississippi","280","Warren","1490","Warren",7861,7861
"G2801510","1830","Mississippi","280","Washington","1510","Washington",1976,1976
"G2801530","1830","Mississippi","280","Wayne","1530","Wayne",2781,2781
"G2801570","1830","Mississippi","280","Wilkinson","1570","Wilkinson",11686,11686
"G2801630","1830","Mississippi","280","Yazoo","1630","Yazoo",6550,6550
"G2900190","1830","Missouri","290","Boone","0190","Boone",8859,8859
"G2900270","1830","Missouri","290","Callaway","0270","Callaway",6159,6159
"G2900310","1830","Missouri","290","Cape Girardeau","0310","Cape Girardeau",7445,7445
"G2900410","1830","Missouri","290","Chariton","0410","Chariton",1780,1780
"G2900470","1830","Missouri","290","Clay","0470","Clay",5338,5338
"G2900510","1830","Missouri","290","Cole","0510","Cole",3023,3023
"G2900530","1830","Missouri","290","Cooper","0530","Cooper",6904,6904
"G2900550","1830","Missouri","290","Crawford","0550","Crawford",1712,1712
"G2900710","1830","Missouri","290","Franklin","0710","Franklin",3484,3484
"G2900730","1830","Missouri","290","Gasconade","0730","Gasconade",1545,1545
"G2900890","1830","Missouri","290","Howard","0890","Howard",10854,10854
"G2900950","1830","Missouri","290","Jackson","0950","Jackson",2823,2823
"G2900990","1830","Missouri","290","Jefferson","0990","Jefferson",2592,2592
"G2901070","1830","Missouri","290","Lafayette","1070","Lafayette",2912,2912
"G2901130","1830","Missouri","290","Lincoln","1130","Lincoln",4059,4059
"G2901230","1830","Missouri","290","Madison","1230","Madison",2371,2371
"G2901270","1830","Missouri","290","Marion","1270","Marion",4837,4837
"G2901390","1830","Missouri","290","Montgomery","1390","Montgomery",3902,3902
"G2901430","1830","Missouri","290","New Madrid","1430","New Madrid",2350,2350
"G2901570","1830","Missouri","290","Perry","1570","Perry",3349,3349
"G2901630","1830","Missouri","290","Pike","1630","Pike",6129,6129
"G2901730","1830","Missouri","290","Ralls","1730","Ralls",4375,4375
"G2901750","1830","Missouri","290","Randolph","1750","Randolph",2942,2942
"G2901770","1830","Missouri","290","Ray","1770","Ray",2657,2657
"G2901830","1830","Missouri","290","St Charles","1830","St Charles",4320,4320
"G2901860","1830","Missouri","290","Ste Genevieve","1860","Ste Genevieve",2186,2186
"G2901870","1830","Missouri","290","St Francois","1870","St Francois",2366,2366
"G2901890","1830","Missouri","290","St Louis","1890","St Louis",14125,14125
"G2901950","1830","Missouri","290","Saline","1950","Saline",2873,2873
"G2902010","1830","Missouri","290","Scott","2010","Scott",2136,2136
"G2902210","1830","Missouri","290","Washington","2210","Washington",6784,6784
"G2902230","1830","Missouri","290","Wayne","2230","Wayne",3264,3264
"G3300050","1830","New Hampshire","330","Cheshire","0050","Cheshire",27016,27016
"G3300070","1830","New Hampshire","330","Coos","0070","Coos",8388,8388
"G3300090","1830","New Hampshire","330","Grafton","0090","Grafton",38682,38682
"G3300110","1830","New Hampshire","330","Hillsborough","0110","Hillsborough",37724,37724
"G3300130","1830","New Hampshire","330","Merrimack","0130","Merrimack",34614,34614
"G3300150","1830","New Hampshire","330","Rockingham","0150","Rockingham",44325,44325
"G3300170","1830","New Hampshire","330","Strafford","0170","Strafford",58910,58910
"G3300190","1830","New Hampshire","330","Sullivan","0190","Sullivan",19669,19669
"G3400030","1830","New Jersey","340","Bergen","0030","Bergen",22412,22412
"G3400050","1830","New Jersey","340","Burlington","0050","Burlington",31107,31107
"G3400090","1830","New Jersey","340","Cape May","0090","Cape May",4936,4936
"G3400110","1830","New Jersey","340","Cumberland","0110","Cumberland",14093,14093
"G3400130","1830","New Jersey","340","Essex","0130","Essex",41911,41911
"G3400150","1830","New Jersey","340","Gloucester","0150","Gloucester",28431,28431
"G3400190","1830","New Jersey","340","Hunterdon","0190","Hunterdon",31060,31060
"G3400230","1830","New Jersey","340","Middlesex","0230","Middlesex",23157,23157
"G3400250","1830","New Jersey","340","Monmouth","0250","Monmouth",29233,29233
"G3400270","1830","New Jersey","340","Morris","0270","Morris",23666,23666
"G3400330","1830","New Jersey","340","Salem","0330","Salem",14155,14155
"G3400350","1830","New Jersey","340","Somerset","0350","Somerset",17689,17689
"G3400370","1830","New Jersey","340","Sussex","0370","Sussex",20346,20346
"G3400410","1830","New Jersey","340","Warren","0410","Warren",18627,18627
"G3600010","1830","New York","360","Albany","0010","Albany",53520,53520
"G3600030","1830","New York","360","Allegany","0030","Allegany",26276,26276
"G3600070","1830","New York","360","Broome","0070","Broome",17579,17579
"G3600090","1830","New York","360","Cattaraugus","0090","Cattaraugus",16724,16724
"G3600110","1830","New York","360","Cayuga","0110","Cayuga",47948,47948
"G3600130","1830","New York","360","Chautauqua","0130","Chautauqua",34671,34671
"G3600170","1830","New York","360","Chenango","0170","Chenango",37238,37238
"G3600190","1830","New York","360","Clinton","0190","Clinton",19344,19344
"G3600210","1830","New York","360","Columbia","0210","Columbia",39907,39907
"G3600230","1830","New York","360","Cortland","0230","Cortland",23791,23791
"G3600250","1830","New York","360","Delaware","0250","Delaware",33024,33024
"G3600270","1830","New York","360","Dutchess","0270","Dutchess",50926,50926
"G3600290","1830","New York","360","Erie","0290","Erie",35719,35719
"G3600310","1830","New York","360","Essex","0310","Essex",19287,19287
"G3600330","1830","New York","360","Franklin","0330","Franklin",11312,11312
"G3600370","1830","New York","360","Genesee","0370","Genesee",52147,52147
"G3600390","1830","New York","360","Greene","0390","Greene",29525,29525
"G3600410","1830","New York","360","Hamilton","0410","Hamilton",1325,1325
"G3600430","1830","New York","360","Herkimer","0430","Herkimer",35870,35870
"G3600450","1830","New York","360","Jefferson","0450","Jefferson",48493,48493
"G3600470","1830","New York","360","Kings","0470","Kings",20535,20535
"G3600490","1830","New York","360","Lewis","0490","Lewis",15239,15239
"G3600510","1830","New York","360","Livingston","0510","Livingston",27729,27729
"G3600530","1830","New York","360","Madison","0530","Madison",39038,39038
"G3600550","1830","New York","360","Monroe","0550","Monroe",49855,49855
"G3600570","1830","New York","360","Montgomery","0570","Montgomery",43715,43715
"G3600610","1830","New York","360","New York","0610","New York",202589,202589
"G3600630","1830","New York","360","Niagara","0630","Niagara",18482,18482
"G3600650","1830","New York","360","Oneida","0650","Oneida",71326,71326
"G3600670","1830","New York","360","Onondaga","0670","Onondaga",58973,58973
"G3600690","1830","New York","360","Ontario","0690","Ontario",40288,40288
"G3600710","1830","New York","360","Orange","0710","Orange",45366,45366
"G3600730","1830","New York","360","Orleans","0730","Orleans",17732,17732
"G3600750","1830","New York","360","Oswego","0750","Oswego",27119,27119
"G3600770","1830","New York","360","Otsego","0770","Otsego",51372,51372
"G3600790","1830","New York","360","Putnam","0790","Putnam",12628,12628
"G3600810","1830","New York","360","Queens","0810","Queens",22460,22460
"G3600830","1830","New York","360","Rensselaer","0830","Rensselaer",49424,49424
"G3600850","1830","New York","360","Richmond","0850","Richmond",7082,7082
"G3600870","1830","New York","360","Rockland","0870","Rockland",9388,9388
"G3600890","1830","New York","360","St Lawrence","0890","St Lawrence",36354,36354
"G3600910","1830","New York","360","Saratoga","0910","Saratoga",38679,38679
"G3600930","1830","New York","360","Schenectady","0930","Schenectady",12347,12347
"G3600950","1830","New York","360","Schoharie","0950","Schoharie",27902,27902
"G3600990","1830","New York","360","Seneca","0990","Seneca",21041,21041
"G3601010","1830","New York","360","Steuben","1010","Steuben",33851,33851
"G3601030","1830","New York","360","Suffolk","1030","Suffolk",26780,26780
"G3601050","1830","New York","360","Sullivan","1050","Sullivan",12364,12364
"G3601070","1830","New York","360","Tioga","1070","Tioga",27690,27690
"G3601090","1830","New York","360","Tompkins","1090","Tompkins",36545,36545
"G3601110","1830","New York","360","Ulster","1110","Ulster",36550,36550
"G3601130","1830","New York","360","Warren","1130","Warren",11796,11796
"G3601150","1830","New York","360","Washington","1150","Washington",42635,42635
"G3601170","1830","New York","360","Wayne","1170","Wayne",33643,33643
"G3601190","1830","New York","360","Westchester","1190","Westchester",36456,36456
"G3601230","1830","New York","360","Yates","1230","Yates",19009,19009
"G3700070","1830","North Carolina","370","Anson","0070","Anson",14095,14095
"G3700090","1830","North Carolina","370","Ashe","0090","Ashe",6987,6987
"G3700130","1830","North Carolina","370","Beaufort","0130","Beaufort",10969,10969
"G3700150","1830","North Carolina","370","Bertie","0150","Bertie",12262,12262
"G3700170","1830","North Carolina","370","Bladen","0170","Bladen",7811,7811
"G3700190","1830","North Carolina","370","Brunswick","0190","Brunswick",6516,6516
"G3700210","1830","North Carolina","370","Buncombe","0210","Buncombe",16281,16281
"G3700230","1830","North Carolina","370","Burke","0230","Burke",17888,17888
"G3700250","1830","North Carolina","370","Cabarrus","0250","Cabarrus",8810,8810
"G3700290","1830","North Carolina","370","Camden","0290","Camden",6733,6733
"G3700310","1830","North Carolina","370","Carteret","0310","Carteret",6597,6597
"G3700330","1830","North Carolina","370","Caswell","0330","Caswell",15185,15185
"G3700370","1830","North Carolina","370","Chatham","0370","Chatham",15405,15405
"G3700410","1830","North Carolina","370","Chowan","0410","Chowan",6697,6697
"G3700470","1830","North Carolina","370","Columbus","0470","Columbus",4141,4141
"G3700490","1830","North Carolina","370","Craven","0490","Craven",13734,13734
"G3700510","1830","North Carolina","370","Cumberland","0510","Cumberland",14834,14834
"G3700530","1830","North Carolina","370","Currituck","0530","Currituck",7655,7655
"G3700570","1830","North Carolina","370","Davidson","0570","Davidson",13389,13389
"G3700610","1830","North Carolina","370","Duplin","0610","Duplin",11291,11291
"G3700650","1830","North Carolina","370","Edgecombe","0650","Edgecombe",14935,14935
"G3700690","1830","North Carolina","370","Franklin","0690","Franklin",10665,10665
"G3700730","1830","North Carolina","370","Gates","0730","Gates",7866,7866
"G3700770","1830","North Carolina","370","Granville","0770","Granville",19355,19355
"G3700790","1830","North Carolina","370","Greene","0790","Greene",6413,6413
"G3700810","1830","North Carolina","370","Guilford","0810","Guilford",18737,18737
"G3700830","1830","North Carolina","370","Halifax","0830","Halifax",17739,17739
"G3700870","1830","North Carolina","370","Haywood","0870","Haywood",4578,4578
"G3700910","1830","North Carolina","370","Hertford","0910","Hertford",8537,8537
"G3700950","1830","North Carolina","370","Hyde","0950","Hyde",6184,6184
"G3700970","1830","North Carolina","370","Iredell","0970","Iredell",14918,14918
"G3701010","1830","North Carolina","370","Johnston","1010","Johnston",10938,10938
"G3701030","1830","North Carolina","370","Jones","1030","Jones",5608,5608
"G3701070","1830","North Carolina","370","Lenoir","1070","Lenoir",7723,7723
"G3701090","1830","North Carolina","370","Lincoln","1090","Lincoln",22455,22455
"G3701130","1830","North Carolina","370","Macon","1130","Macon",5333,5333
"G3701170","1830","North Carolina","370","Martin","1170","Martin",8539,8539
"G3701190","1830","North Carolina","370","Mecklenburg","1190","Mecklenburg",20073,20073
"G3701230","1830","North Carolina","370","Montgomery","1230","Montgomery",10919,10919
"G3701250","1830","North Carolina","370","Moore","1250","Moore",7745,7745
"G3701270","1830","North Carolina","370","Nash","1270","Nash",8490,8490
"G3701290","1830","North Carolina","370","New Hanover","1290","New Hanover",10959,10959
"G3701310","1830","North Carolina","370","Northampton","1310","Northampton",13391,13391
"G3701330","1830","North Carolina","370","Onslow","1330","Onslow",7814,7814
"G3701350","1830","North Carolina","370","Orange","1350","Orange",23908,23908
"G3701390","1830","North Carolina","370","Pasquotank","1390","Pasquotank",8641,8641
"G3701430","1830","North Carolina","370","Perquimans","1430","Perquimans",7419,7419
"G3701450","1830","North Carolina","370","Person","1450","Person",10027,10027
"G3701470","1830","North Carolina","370","Pitt","1470","Pitt",12093,12093
"G3701510","1830","North Carolina","370","Randolph","1510","Randolph",12406,12406
"G3701530","1830","North Carolina","370","Richmond","1530","Richmond",9396,9396
"G3701550","1830","North Carolina","370","Robeson","1550","Robeson",9433,9433
"G3701570","1830","North Carolina","370","Rockingham","1570","Rockingham",12935,12935
"G3701590","1830","North Carolina","370","Rowan","1590","Rowan",20786,20786
"G3701610","1830","North Carolina","370","Rutherford","1610","Rutherford",17557,17557
"G3701630","1830","North Carolina","370","Sampson","1630","Sampson",11634,11634
"G3701690","1830","North Carolina","370","Stokes","1690","Stokes",16196,16196
"G3701710","1830","North Carolina","370","Surry","1710","Surry",14504,14504
"G3701770","1830","North Carolina","370","Tyrrell","1770","Tyrrell",4732,4732
"G3701830","1830","North Carolina","370","Wake","1830","Wake",20398,20398
"G3701850","1830","North Carolina","370","Warren","1850","Warren",11877,11877
"G3701870","1830","North Carolina","370","Washington","1870","Washington",4552,4552
"G3701910","1830","North Carolina","370","Wayne","1910","Wayne",10331,10331
"G3701930","1830","North Carolina","370","Wilkes","1930","Wilkes",11968,11968
"G3900010","1830","Ohio","390","Adams","0010","Adams",12281,12281
"G3900030","1830","Ohio","390","Allen","0030","Allen",578,578
"G3900070","1830","Ohio","390","Ashtabula","0070","Ashtabula",14584,14584
"G3900090","1830","Ohio","390","Athens","0090","Athens",9787,9787
"G3900130","1830","Ohio","390","Belmont","0130","Belmont",28627,28627
"G3900150","1830","Ohio","390","Brown","0150","Brown",17867,17867
"G3900170","1830","Ohio","390","Butler","0170","Butler",27142,27142
"G3900210","1830","Ohio","390","Champaign","0210","Champaign",12131,12131
"G3900230","1830","Ohio","390","Clark","0230","Clark",13114,13114
"G3900250","1830","Ohio","390","Clermont","0250","Clermont",20466,20466
"G3900270","1830","Ohio","390","Clinton","0270","Clinton",11436,11436
"G3900290","1830","Ohio","390","Columbiana","0290","Columbiana",35592,35592
"G3900310","1830","Ohio","390","Coshocton","0310","Coshocton",11161,11161
"G3900330","1830","Ohio","390","Crawford","0330","Crawford",4791,4791
"G3900350","1830","Ohio","390","Cuyahoga","0350","Cuyahoga",10373,10373
"G3900370","1830","Ohio","390","Darke","0370","Darke",6204,6204
"G3900410","1830","Ohio","390","Delaware","0410","Delaware",11504,11504
"G3900450","1830","Ohio","390","Fairfield","0450","Fairfield",24786,24786
"G3900470","1830","Ohio","390","Fayette","0470","Fayette",8182,8182
"G3900490","1830","Ohio","390","Franklin","0490","Franklin",14741,14741
"G3900530","1830","Ohio","390","Gallia","0530","Gallia",9733,9733
"G3900550","1830","Ohio","390","Geauga","0550","Geauga",15813,15813
"G3900570","1830","Ohio","390","Greene","0570","Greene",14801,14801
"G3900590","1830","Ohio","390","Guernsey","0590","Guernsey",18036,18036
"G3900610","1830","Ohio","390","Hamilton","0610","Hamilton",52317,52317
"G3900630","1830","Ohio","390","Hancock","0630","Hancock",813,813
"G3900650","1830","Ohio","390","Hardin","0650","Hardin",210,210
"G3900670","1830","Ohio","390","Harrison","0670","Harrison",20916,20916
"G3900690","1830","Ohio","390","Henry","0690","Henry",262,262
"G3900710","1830","Ohio","390","Highland","0710","Highland",16345,16345
"G3900730","1830","Ohio","390","Hocking","0730","Hocking",4008,4008
"G3900750","1830","Ohio","390","Holmes","0750","Holmes",9135,9135
"G3900770","1830","Ohio","390","Huron","0770","Huron",13341,13341
"G3900790","1830","Ohio","390","Jackson","0790","Jackson",5941,5941
"G3900810","1830","Ohio","390","Jefferson","0810","Jefferson",22489,22489
"G3900830","1830","Ohio","390","Knox","0830","Knox",17085,17085
"G3900870","1830","Ohio","390","Lawrence","0870","Lawrence",5367,5367
"G3900890","1830","Ohio","390","Licking","0890","Licking",20869,20869
"G3900910","1830","Ohio","390","Logan","0910","Logan",6440,6440
"G3900930","1830","Ohio","390","Lorain","0930","Lorain",5696,5696
"G3900970","1830","Ohio","390","Madison","0970","Madison",6190,6190
"G3901010","1830","Ohio","390","Marion","1010","Marion",6551,6551
"G3901030","1830","Ohio","390","Medina","1030","Medina",7560,7560
"G3901050","1830","Ohio","390","Meigs","1050","Meigs",6158,6158
"G3901070","1830","Ohio","390","Mercer","1070","Mercer",1110,1110
"G3901090","1830","Ohio","390","Miami","1090","Miami",12807,12807
"G3901110","1830","Ohio","390","Monroe","1110","Monroe",8768,8768
"G3901130","1830","Ohio","390","Montgomery","1130","Montgomery",24362,24362
"G3901150","1830","Ohio","390","Morgan","1150","Morgan",11800,11800
"G3901190","1830","Ohio","390","Muskingum","1190","Muskingum",29334,29334
"G3901250","1830","Ohio","390","Paulding","1250","Paulding",161,161
"G3901270","1830","Ohio","390","Perry","1270","Perry",13970,13970
"G3901290","1830","Ohio","390","Pickaway","1290","Pickaway",16001,16001
"G3901310","1830","Ohio","390","Pike","1310","Pike",6024,6024
"G3901330","1830","Ohio","390","Portage","1330","Portage",18826,18826
"G3901350","1830","Ohio","390","Preble","1350","Preble",16291,16291
"G3901370","1830","Ohio","390","Putnam","1370","Putnam",230,230
"G3901390","1830","Ohio","390","Richland","1390","Richland",24006,24006
"G3901410","1830","Ohio","390","Ross","1410","Ross",24068,24068
"G3901430","1830","Ohio","390","Sandusky","1430","Sandusky",2851,2851
"G3901450","1830","Ohio","390","Scioto","1450","Scioto",8740,8740
"G3901470","1830","Ohio","390","Seneca","1470","Seneca",5159,5159
"G3901490","1830","Ohio","390","Shelby","1490","Shelby",3671,3671
"G3901510","1830","Ohio","390","Stark","1510","Stark",26588,26588
"G3901550","1830","Ohio","390","Trumbull","1550","Trumbull",26153,26153
"G3901570","1830","Ohio","390","Tuscarawas","1570","Tuscarawas",14298,14298
"G3901590","1830","Ohio","390","Union","1590","Union",3192,3192
"G3901610","1830","Ohio","390","Van Wert","1610","Van Wert",49,49
"G3901650","1830","Ohio","390","Warren","1650","Warren",21468,21468
"G3901670","1830","Ohio","390","Washington","1670","Washington",11731,11731
"G3901690","1830","Ohio","390","Wayne","1690","Wayne",23333,23333
"G3901710","1830","Ohio","390","Williams","1710","Williams",387,387
"G3901730","1830","Ohio","390","Wood","1730","Wood",1102,1102
"G4200010","1830","Pennsylvania","420","Adams","0010","Adams",21379,21379
"G4200030","1830","Pennsylvania","420","Allegheny","0030","Allegheny",50552,50552
"G4200050","1830","Pennsylvania","420","Armstrong","0050","Armstrong",17701,17701
"G4200070","1830","Pennsylvania","420","Beaver","0070","Beaver",24183,24183
"G4200090","1830","Pennsylvania","420","Bedford","0090","Bedford",24502,24502
"G4200110","1830","Pennsylvania","420","Berks","0110","Berks",53152,53152
"G4200150","1830","Pennsylvania","420","Bradford","0150","Bradford",19746,19746
"G4200170","1830","Pennsylvania","420","Bucks","0170","Bucks",45745,45745
"G4200190","1830","Pennsylvania","420","Butler","0190","Butler",14581,14581
"G4200210","1830","Pennsylvania","420","Cambria","0210","Cambria",7076,7076
"G4200270","1830","Pennsylvania","420","Centre","0270","Centre",18879,18879
"G4200290","1830","Pennsylvania","420","Chester","0290","Chester",50910,50910
"G4200330","1830","Pennsylvania","420","Clearfield","0330","Clearfield",4803,4803
"G4200370","1830","Pennsylvania","420","Columbia","0370","Columbia",20059,20059
"G4200390","1830","Pennsylvania","420","Crawford","0390","Crawford",16030,16030
"G4200410","1830","Pennsylvania","420","Cumberland","0410","Cumberland",29226,29226
"G4200430","1830","Pennsylvania","420","Dauphin","0430","Dauphin",25243,25243
"G4200450","1830","Pennsylvania","420","Delaware","0450","Delaware",17323,17323
"G4200490","1830","Pennsylvania","420","Erie","0490","Erie",17041,17041
"G4200510","1830","Pennsylvania","420","Fayette","0510","Fayette",29172,29172
"G4200550","1830","Pennsylvania","420","Franklin","0550","Franklin",35037,35037
"G4200590","1830","Pennsylvania","420","Greene","0590","Greene",18028,18028
"G4200610","1830","Pennsylvania","420","Huntingdon","0610","Huntingdon",27145,27145
"G4200630","1830","Pennsylvania","420","Indiana","0630","Indiana",14252,14252
"G4200650","1830","Pennsylvania","420","Jefferson","0650","Jefferson",2025,2025
"G4200710","1830","Pennsylvania","420","Lancaster","0710","Lancaster",76631,76631
"G4200750","1830","Pennsylvania","420","Lebanon","0750","Lebanon",20557,20557
"G4200770","1830","Pennsylvania","420","Lehigh","0770","Lehigh",22256,22256
"G4200790","1830","Pennsylvania","420","Luzerne","0790","Luzerne",27379,27379
"G4200810","1830","Pennsylvania","420","Lycoming","0810","Lycoming",17636,17636
"G4200830","1830","Pennsylvania","420","McKean","0830","Mckean",1439,1439
"G4200850","1830","Pennsylvania","420","Mercer","0850","Mercer",19729,19729
"G4200870","1830","Pennsylvania","420","Mifflin","0870","Mifflin",21690,21690
"G4200910","1830","Pennsylvania","420","Montgomery","0910","Montgomery",39406,39406
"G4200950","1830","Pennsylvania","420","Northampton","0950","Northampton",39482,39482
"G4200970","1830","Pennsylvania","420","Northumberland","0970","Northumberland",18133,18133
"G4200990","1830","Pennsylvania","420","Perry","0990","Perry",14261,14261
"G4201010","1830","Pennsylvania","420","Philadelphia","1010","Philadelphia",188797,188797
"G4201030","1830","Pennsylvania","420","Pike","1030","Pike",4843,4843
"G4201050","1830","Pennsylvania","420","Potter","1050","Potter",1265,1265
"G4201070","1830","Pennsylvania","420","Schuylkill","1070","Schuylkill",20744,20744
"G4201110","1830","Pennsylvania","420","Somerset","1110","Somerset",17762,17762
"G4201150","1830","Pennsylvania","420","Susquehanna","1150","Susquehanna",16787,16787
"G4201170","1830","Pennsylvania","420","Tioga","1170","Tioga",8978,8978
"G4201190","1830","Pennsylvania","420","Union","1190","Union",20795,20795
"G4201210","1830","Pennsylvania","420","Venango","1210","Venango",9470,9470
"G4201230","1830","Pennsylvania","420","Warren","1230","Warren",4697,4697
"G4201250","1830","Pennsylvania","420","Washington","1250","Washington",42784,42784
"G4201270","1830","Pennsylvania","420","Wayne","1270","Wayne",7663,7663
"G4201290","1830","Pennsylvania","420","Westmoreland","1290","Westmoreland",38400,38400
"G4201330","1830","Pennsylvania","420","York","1330","York",42859,42859
"G4400010","1830","Rhode Island","440","Bristol","0010","Bristol",5446,5446
"G4400030","1830","Rhode Island","440","Kent","0030","Kent",12789,12789
"G4400050","1830","Rhode Island","440","Newport","0050","Newport",16535,16535
"G4400070","1830","Rhode Island","440","Providence","0070","Providence",47018,47018
"G4400090","1830","Rhode Island","440","Washington","0090","Washington",15411,15411
"G4500010","1830","South Carolina","450","Abbeville","0010","Abbeville",28149,28149
"G4500070","1830","South Carolina","450","Anderson","0070","Anderson",17169,17169
"G4500110","1830","South Carolina","450","Barnwell","0110","Barnwell",19236,19236
"G4500130","1830","South Carolina","450","Beaufort","0130","Beaufort",37032,37032
"G4500190","1830","South Carolina","450","Charleston","0190","Charleston",86338,86338
"G4500230","1830","South Carolina","450","Chester","0230","Chester",17182,17182
"G4500250","1830","South Carolina","450","Chesterfield","0250","Chesterfield",8472,8472
"G4500290","1830","South Carolina","450","Colleton","0290","Colleton",27256,27256
"G4500310","1830","South Carolina","450","Darlington","0310","Darlington",13728,13728
"G4500370","1830","South Carolina","450","Edgefield","0370","Edgefield",30509,30509
"G4500390","1830","South Carolina","450","Fairfield","0390","Fairfield",21546,21546
"G4500430","1830","South Carolina","450","Georgetown","0430","Georgetown",19943,19943
"G4500450","1830","South Carolina","450","Greenville","0450","Greenville",16476,16476
"G4500510","1830","South Carolina","450","Horry","0510","Horry",5245,5245
"G4500550","1830","South Carolina","450","Kershaw","0550","Kershaw",13545,13545
"G4500570","1830","South Carolina","450","Lancaster","0570","Lancaster",10361,10361
"G4500590","1830","South Carolina","450","Laurens","0590","Laurens",20863,20863
"G4500630","1830","South Carolina","450","Lexington","0630","Lexington",9065,9065
"G4500670","1830","South Carolina","450","Marion","0670","Marion",11208,11208
"G4500690","1830","South Carolina","450","Marlboro","0690","Marlboro",8582,8582
"G4500710","1830","South Carolina","450","Newberry","0710","Newberry",17441,17441
"G4500750","1830","South Carolina","450","Orangeburg","0750","Orangeburg",18453,18453
"G4500770","1830","South Carolina","450","Pickens","0770","Pickens",14473,14473
"G4500790","1830","South Carolina","450","Richland","0790","Richland",14772,14772
"G4500830","1830","South Carolina","450","Spartanburg","0830","Spartanburg",21150,21150
"G4500850","1830","South Carolina","450","Sumter","0850","Sumter",28277,28277
"G4500870","1830","South Carolina","450","Union","0870","Union",17906,17906
"G4500890","1830","South Carolina","450","Williamsburg","0890","Williamsburg",9018,9018
"G4500910","1830","South Carolina","450","York","0910","York",17790,17790
"G4700010","1830","Tennessee","470","Anderson","0010","Anderson",5310,5310
"G4700030","1830","Tennessee","470","Bedford","0030","Bedford",30396,30396
"G4700070","1830","Tennessee","470","Bledsoe","0070","Bledsoe",4648,4648
"G4700090","1830","Tennessee","470","Blount","0090","Blount",11028,11028
"G4700130","1830","Tennessee","470","Campbell","0130","Campbell",5110,5110
"G4700170","1830","Tennessee","470","Carroll","0170","Carroll",9397,9397
"G4700190","1830","Tennessee","470","Carter","0190","Carter",6414,6414
"G4700250","1830","Tennessee","470","Claiborne","0250","Claiborne",8470,8470
"G4700290","1830","Tennessee","470","Cocke","0290","Cocke",6017,6017
"G4700370","1830","Tennessee","470","Davidson","0370","Davidson",28122,28122
"G4700430","1830","Tennessee","470","Dickson","0430","Dickson",7265,7265
"G4700450","1830","Tennessee","470","Dyer","0450","Dyer",1904,1904
"G4700470","1830","Tennessee","470","Fayette","0470","Fayette",8652,8652
"G4700490","1830","Tennessee","470","Fentress","0490","Fentress",2748,2748
"G4700510","1830","Tennessee","470","Franklin","0510","Franklin",15620,15620
"G4700530","1830","Tennessee","470","Gibson","0530","Gibson",5801,5801
"G4700550","1830","Tennessee","470","Giles","0550","Giles",18703,18703
"G4700570","1830","Tennessee","470","Grainger","0570","Grainger",10066,10066
"G4700590","1830","Tennessee","470","Greene","0590","Greene",14410,14410
"G4700650","1830","Tennessee","470","Hamilton","0650","Hamilton",2276,2276
"G4700690","1830","Tennessee","470","Hardeman","0690","Hardeman",11655,11655
"G4700710","1830","Tennessee","470","Hardin","0710","Hardin",4868,4868
"G4700730","1830","Tennessee","470","Hawkins","0730","Hawkins",13683,13683
"G4700750","1830","Tennessee","470","Haywood","0750","Haywood",5334,5334
"G4700770","1830","Tennessee","470","Henderson","0770","Henderson",8748,8748
"G4700790","1830","Tennessee","470","Henry","0790","Henry",12249,12249
"G4700810","1830","Tennessee","470","Hickman","0810","Hickman",8119,8119
"G4700850","1830","Tennessee","470","Humphreys","0850","Humphreys",6187,6187
"G4700870","1830","Tennessee","470","Jackson","0870","Jackson",9698,9698
"G4700890","1830","Tennessee","470","Jefferson","0890","Jefferson",11801,11801
"G4700930","1830","Tennessee","470","Knox","0930","Knox",14498,14498
"G4700990","1830","Tennessee","470","Lawrence","0990","Lawrence",5411,5411
"G4701030","1830","Tennessee","470","Lincoln","1030","Lincoln",22075,22075
"G4701070","1830","Tennessee","470","McMinn","1070","Mcminn",14460,14460
"G4701090","1830","Tennessee","470","McNairy","1090","Mcnairy",5697,5697
"G4701130","1830","Tennessee","470","Madison","1130","Madison",11594,11594
"G4701150","1830","Tennessee","470","Marion","1150","Marion",5508,5508
"G4701190","1830","Tennessee","470","Maury","1190","Maury",27665,27665
"G4701230","1830","Tennessee","470","Monroe","1230","Monroe",13708,13708
"G4701250","1830","Tennessee","470","Montgomery","1250","Montgomery",14349,14349
"G4701290","1830","Tennessee","470","Morgan","1290","Morgan",2582,2582
"G4701310","1830","Tennessee","470","Obion","1310","Obion",2099,2099
"G4701330","1830","Tennessee","470","Overton","1330","Overton",8242,8242
"G4701350","1830","Tennessee","470","Perry","1350","Perry",7094,7094
"G4701430","1830","Tennessee","470","Rhea","1430","Rhea",8186,8186
"G4701450","1830","Tennessee","470","Roane","1450","Roane",11341,11341
"G4701470","1830","Tennessee","470","Robertson","1470","Robertson",13272,13272
"G4701490","1830","Tennessee","470","Rutherford","1490","Rutherford",26134,26134
"G4701550","1830","Tennessee","470","Sevier","1550","Sevier",5717,5717
"G4701570","1830","Tennessee","470","Shelby","1570","Shelby",5648,5648
"G4701590","1830","Tennessee","470","Smith","1590","Smith",19906,19906
"G4701610","1830","Tennessee","470","Stewart","1610","Stewart",6968,6968
"G4701630","1830","Tennessee","470","Sullivan","1630","Sullivan",10073,10073
"G4701650","1830","Tennessee","470","Sumner","1650","Sumner",20569,20569
"G4701670","1830","Tennessee","470","Tipton","1670","Tipton",5317,5317
"G4701770","1830","Tennessee","470","Warren","1770","Warren",15210,15210
"G4701790","1830","Tennessee","470","Washington","1790","Washington",10995,10995
"G4701810","1830","Tennessee","470","Wayne","1810","Wayne",6013,6013
"G4701830","1830","Tennessee","470","Weakley","1830","Weakley",4797,4797
"G4701850","1830","Tennessee","470","White","1850","White",9967,9967
"G4701870","1830","Tennessee","470","Williamson","1870","Williamson",26638,26638
"G4701890","1830","Tennessee","470","Wilson","1890","Wilson",25472,25472
"G5000010","1830","Vermont","500","Addison","0010","Addison",24940,24940
"G5000030","1830","Vermont","500","Bennington","0030","Bennington",17468,17468
"G5000050","1830","Vermont","500","Caledonia","0050","Caledonia",20967,20967
"G5000070","1830","Vermont","500","Chittenden","0070","Chittenden",21765,21765
"G5000090","1830","Vermont","500","Essex","0090","Essex",3981,3981
"G5000110","1830","Vermont","500","Franklin","0110","Franklin",24525,24525
"G5000130","1830","Vermont","500","Grand Isle","0130","Grand Isle",3696,3696
"G5000170","1830","Vermont","500","Orange","0170","Orange",27285,27285
"G5000190","1830","Vermont","500","Orleans","0190","Orleans",13980,13980
"G5000210","1830","Vermont","500","Rutland","0210","Rutland",31294,31294
"G5000230","1830","Vermont","500","Washington","0230","Washington",21378,21378
"G5000250","1830","Vermont","500","Windham","0250","Windham",28748,28748
"G5000270","1830","Vermont","500","Windsor","0270","Windsor",40625,40625
"G5100010","1830","Virginia","510","Accomack","0010","Accomack",16656,16656
"G5100030","1830","Virginia","510","Albemarle","0030","Albemarle",22618,22618
"G5100050","1830","Virginia","510","Alleghany","0050","Alleghany",2816,2816
"G5100070","1830","Virginia","510","Amelia","0070","Amelia",11036,11036
"G5100090","1830","Virginia","510","Amherst","0090","Amherst",12071,12071
"G5100150","1830","Virginia","510","Augusta","0150","Augusta",19926,19926
"G5100170","1830","Virginia","510","Bath","0170","Bath",4002,4002
"G5100190","1830","Virginia","510","Bedford","0190","Bedford",20246,20246
"G5100195","1830","Virginia","510","Berkeley","0195","Berkeley",10518,10518
"G5100230","1830","Virginia","510","Botetourt","0230","Botetourt",16354,16354
"G5100237","1830","Virginia","510","Brooke","0237","Brooke",7041,7041
"G5100250","1830","Virginia","510","Brunswick","0250","Brunswick",15767,15767
"G5100290","1830","Virginia","510","Buckingham","0290","Buckingham",18351,18351
"G5100293","1830","Virginia","510","Cabell","0293","Cabell",5884,5884
"G5100310","1830","Virginia","510","Campbell","0310","Campbell",20350,20350
"G5100330","1830","Virginia","510","Caroline","0330","Caroline",17760,17760
"G5100360","1830","Virginia","510","Charles City","0360","Charles City",5500,5500
"G5100370","1830","Virginia","510","Charlotte","0370","Charlotte",15252,15252
"G5100410","1830","Virginia","510","Chesterfield","0410","Chesterfield",18637,18637
"G5100470","1830","Virginia","510","Culpeper","0470","Culpeper",24027,24027
"G5100490","1830","Virginia","510","Cumberland","0490","Cumberland",11690,11690
"G5100530","1830","Virginia","510","Dinwiddie","0530","Dinwiddie",13579,13579
"G5100550","1830","Virginia","510","Elizabeth City","0550","Elizabeth City",5053,5053
"G5100570","1830","Virginia","510","Essex","0570","Essex",10521,10521
"G5100590","1830","Virginia","510","Fairfax","0590","Fairfax",9204,9204
"G5100610","1830","Virginia","510","Fauquier","0610","Fauquier",26086,26086
"G5100650","1830","Virginia","510","Fluvanna","0650","Fluvanna",8221,8221
"G5100670","1830","Virginia","510","Franklin","0670","Franklin",14911,14911
"G5100690","1830","Virginia","510","Frederick","0690","Frederick",26046,26046
"G5100710","1830","Virginia","510","Giles","0710","Giles",5274,5274
"G5100730","1830","Virginia","510","Gloucester","0730","Gloucester",10608,10608
"G5100750","1830","Virginia","510","Goochland","0750","Goochland",10369,10369
"G5100770","1830","Virginia","510","Grayson","0770","Grayson",7675,7675
"G5100775","1830","Virginia","510","Greenbrier","0775","Greenbrier",9006,9006
"G5100810","1830","Virginia","510","Greensville","0810","Greensville",7117,7117
"G5100830","1830","Virginia","510","Halifax","0830","Halifax",28034,28034
"G5100833","1830","Virginia","510","Hampshire","0833","Hampshire",11279,11279
"G5100850","1830","Virginia","510","Hanover","0850","Hanover",16253,16253
"G5100853","1830","Virginia","510","Hardy","0853","Hardy",6798,6798
"G5100857","1830","Virginia","510","Harrison","0857","Harrison",14722,14722
"G5100870","1830","Virginia","510","Henrico","0870","Henrico",12737,12737
"G5100890","1830","Virginia","510","Henry","0890","Henry",7100,7100
"G5100930","1830","Virginia","510","Isle Of Wight","0930","Isle Of Wight",10517,10517
"G5100950","1830","Virginia","510","James City","0950","James City",3838,3838
"G5100953","1830","Virginia","510","Jefferson","0953","Jefferson",12927,12927
"G5100957","1830","Virginia","510","Kanawha","0957","Kanawha",9326,9326
"G5100970","1830","Virginia","510","King And Queen","0970","King And Queen",11644,11644
"G5100990","1830","Virginia","510","King George","0990","King George",6397,6397
"G5101010","1830","Virginia","510","King William","1010","King William",9812,9812
"G5101030","1830","Virginia","510","Lancaster","1030","Lancaster",4801,4801
"G5101050","1830","Virginia","510","Lee","1050","Lee",6461,6461
"G5101053","1830","Virginia","510","Lewis","1053","Lewis",6241,6241
"G5101057","1830","Virginia","510","Logan","1057","Logan",3680,3680
"G5101070","1830","Virginia","510","Loudoun","1070","Loudoun",21939,21939
"G5101090","1830","Virginia","510","Louisa","1090","Louisa",16151,16151
"G5101110","1830","Virginia","510","Lunenburg","1110","Lunenburg",11957,11957
"G5101130","1830","Virginia","510","Madison","1130","Madison",9236,9236
"G5101137","1830","Virginia","510","Mason","1137","Mason",6534,6534
"G5101150","1830","Virginia","510","Mathews","1150","Matthews",7664,7664
"G5101170","1830","Virginia","510","Mecklenburg","1170","Mecklenburg",20477,20477
"G5101190","1830","Virginia","510","Middlesex","1190","Middlesex",4122,4122
"G5101193","1830","Virginia","510","Monongalia","1193","Monongalia",14056,14056
"G5101197","1830","Virginia","510","Monroe","1197","Monroe",7798,7798
"G5101210","1830","Virginia","510","Montgomery","1210","Montgomery",12306,12306
"G5101215","1830","Virginia","510","Morgan","1215","Morgan",2694,2694
"G5101230","1830","Virginia","510","Nansemond","1230","Nansemond",11784,11784
"G5101250","1830","Virginia","510","Nelson","1250","Nelson",11254,11254
"G5101270","1830","Virginia","510","New Kent","1270","New Kent",6458,6458
"G5101275","1830","Virginia","510","Nicholas","1275","Nicholas",3346,3346
"G5101290","1830","Virginia","510","Norfolk","1290","Norfolk",14992,14992
"G5101310","1830","Virginia","510","Northampton","1310","Northampton",8641,8641
"G5101330","1830","Virginia","510","Northumberland","1330","Northumberland",7953,7953
"G5101350","1830","Virginia","510","Nottoway","1350","Nottoway",10130,10130
"G5101355","1830","Virginia","510","Ohio","1355","Ohio",15584,15584
"G5101370","1830","Virginia","510","Orange","1370","Orange",14637,14637
"G5101410","1830","Virginia","510","Patrick","1410","Patrick",7395,7395
"G5101415","1830","Virginia","510","Pendleton","1415","Pendleton",6271,6271
"G5101430","1830","Virginia","510","Pittsylvania","1430","Pittsylvania",26034,26034
"G5101437","1830","Virginia","510","Pocahontas","1437","Pocahontas",2542,2542
"G5101450","1830","Virginia","510","Powhatan","1450","Powhatan",8517,8517
"G5101455","1830","Virginia","510","Preston","1455","Preston",5144,5144
"G5101470","1830","Virginia","510","Prince Edward","1470","Prince Edward",14107,14107
"G5101490","1830","Virginia","510","Prince George","1490","Prince George",8367,8367
"G5101510","1830","Virginia","510","Princess Anne","1510","Princess Anne",9102,9102
"G5101530","1830","Virginia","510","Prince William","1530","Prince William",9330,9330
"G5101557","1830","Virginia","510","Randolph","1557","Randolph",5000,5000
"G5101590","1830","Virginia","510","Richmond","1590","Richmond",6055,6055
"G5101630","1830","Virginia","510","Rockbridge","1630","Rockbridge",14244,14244
"G5101650","1830","Virginia","510","Rockingham","1650","Rockingham",20683,20683
"G5101670","1830","Virginia","510","Russell","1670","Russell",6714,6714
"G5101690","1830","Virginia","510","Scott","1690","Scott",5724,5724
"G5101710","1830","Virginia","510","Shenandoah","1710","Shenandoah",19750,19750
"G5101750","1830","Virginia","510","Southampton","1750","Southampton",16074,16074
"G5101770","1830","Virginia","510","Spotsylvania","1770","Spotsylvania",15134,15134
"G5101790","1830","Virginia","510","Stafford","1790","Stafford",9362,9362
"G5101810","1830","Virginia","510","Surry","1810","Surry",7109,7109
"G5101830","1830","Virginia","510","Sussex","1830","Sussex",12720,12720
"G5101850","1830","Virginia","510","Tazewell","1850","Tazewell",5749,5749
"G5101855","1830","Virginia","510","Tyler","1855","Tyler",4104,4104
"G5101890","1830","Virginia","510","Warwick","1890","Warwick",1570,1570
"G5101910","1830","Virginia","510","Washington","1910","Washington",15614,15614
"G5101930","1830","Virginia","510","Westmoreland","1930","Westmoreland",8396,8396
"G5101953","1830","Virginia","510","Wood","1953","Wood",6429,6429
"G5101970","1830","Virginia","510","Wythe","1970","Wythe",12163,12163
"G5101990","1830","Virginia","510","York","1990","York",5354,5354
"G5107100","1830","Virginia","510","Norfolk City","7100","Norfolk City",9814,9814
"G5107300","1830","Virginia","510","Petersburg City","7300","Petersburg City",8322,8322
"G5107600","1830","Virginia","510","Richmond City","7600","Richmond City",16060,16060
